glyph	codepoint	block	cl100k	o200k	tier	unicode_name
ά	U+03AC	greek	1	1	A	GREEK SMALL LETTER ALPHA WITH TONOS
έ	U+03AD	greek	1	1	A	GREEK SMALL LETTER EPSILON WITH TONOS
ή	U+03AE	greek	1	1	A	GREEK SMALL LETTER ETA WITH TONOS
ί	U+03AF	greek	1	1	A	GREEK SMALL LETTER IOTA WITH TONOS
α	U+03B1	greek	1	1	A	GREEK SMALL LETTER ALPHA
β	U+03B2	greek	1	1	A	GREEK SMALL LETTER BETA
γ	U+03B3	greek	1	1	A	GREEK SMALL LETTER GAMMA
δ	U+03B4	greek	1	1	A	GREEK SMALL LETTER DELTA
ε	U+03B5	greek	1	1	A	GREEK SMALL LETTER EPSILON
η	U+03B7	greek	1	1	A	GREEK SMALL LETTER ETA
θ	U+03B8	greek	1	1	A	GREEK SMALL LETTER THETA
ι	U+03B9	greek	1	1	A	GREEK SMALL LETTER IOTA
κ	U+03BA	greek	1	1	A	GREEK SMALL LETTER KAPPA
λ	U+03BB	greek	1	1	A	GREEK SMALL LETTER LAMDA
μ	U+03BC	greek	1	1	A	GREEK SMALL LETTER MU
ν	U+03BD	greek	1	1	A	GREEK SMALL LETTER NU
ο	U+03BF	greek	1	1	A	GREEK SMALL LETTER OMICRON
π	U+03C0	greek	1	1	A	GREEK SMALL LETTER PI
ρ	U+03C1	greek	1	1	A	GREEK SMALL LETTER RHO
ς	U+03C2	greek	1	1	A	GREEK SMALL LETTER FINAL SIGMA
σ	U+03C3	greek	1	1	A	GREEK SMALL LETTER SIGMA
τ	U+03C4	greek	1	1	A	GREEK SMALL LETTER TAU
υ	U+03C5	greek	1	1	A	GREEK SMALL LETTER UPSILON
φ	U+03C6	greek	1	1	A	GREEK SMALL LETTER PHI
χ	U+03C7	greek	1	1	A	GREEK SMALL LETTER CHI
ω	U+03C9	greek	1	1	A	GREEK SMALL LETTER OMEGA
ό	U+03CC	greek	1	1	A	GREEK SMALL LETTER OMICRON WITH TONOS
Ђ	U+0402	cyrillic	1	1	A	CYRILLIC CAPITAL LETTER DJE
А	U+0410	cyrillic	1	1	A	CYRILLIC CAPITAL LETTER A
Б	U+0411	cyrillic	1	1	A	CYRILLIC CAPITAL LETTER BE
В	U+0412	cyrillic	1	1	A	CYRILLIC CAPITAL LETTER VE
Г	U+0413	cyrillic	1	1	A	CYRILLIC CAPITAL LETTER GHE
Д	U+0414	cyrillic	1	1	A	CYRILLIC CAPITAL LETTER DE
Е	U+0415	cyrillic	1	1	A	CYRILLIC CAPITAL LETTER IE
З	U+0417	cyrillic	1	1	A	CYRILLIC CAPITAL LETTER ZE
И	U+0418	cyrillic	1	1	A	CYRILLIC CAPITAL LETTER I
К	U+041A	cyrillic	1	1	A	CYRILLIC CAPITAL LETTER KA
Л	U+041B	cyrillic	1	1	A	CYRILLIC CAPITAL LETTER EL
М	U+041C	cyrillic	1	1	A	CYRILLIC CAPITAL LETTER EM
Н	U+041D	cyrillic	1	1	A	CYRILLIC CAPITAL LETTER EN
О	U+041E	cyrillic	1	1	A	CYRILLIC CAPITAL LETTER O
П	U+041F	cyrillic	1	1	A	CYRILLIC CAPITAL LETTER PE
Р	U+0420	cyrillic	1	1	A	CYRILLIC CAPITAL LETTER ER
С	U+0421	cyrillic	1	1	A	CYRILLIC CAPITAL LETTER ES
Т	U+0422	cyrillic	1	1	A	CYRILLIC CAPITAL LETTER TE
У	U+0423	cyrillic	1	1	A	CYRILLIC CAPITAL LETTER U
Ф	U+0424	cyrillic	1	1	A	CYRILLIC CAPITAL LETTER EF
Ц	U+0426	cyrillic	1	1	A	CYRILLIC CAPITAL LETTER TSE
Ч	U+0427	cyrillic	1	1	A	CYRILLIC CAPITAL LETTER CHE
Э	U+042D	cyrillic	1	1	A	CYRILLIC CAPITAL LETTER E
Я	U+042F	cyrillic	1	1	A	CYRILLIC CAPITAL LETTER YA
а	U+0430	cyrillic	1	1	A	CYRILLIC SMALL LETTER A
б	U+0431	cyrillic	1	1	A	CYRILLIC SMALL LETTER BE
в	U+0432	cyrillic	1	1	A	CYRILLIC SMALL LETTER VE
г	U+0433	cyrillic	1	1	A	CYRILLIC SMALL LETTER GHE
д	U+0434	cyrillic	1	1	A	CYRILLIC SMALL LETTER DE
е	U+0435	cyrillic	1	1	A	CYRILLIC SMALL LETTER IE
ж	U+0436	cyrillic	1	1	A	CYRILLIC SMALL LETTER ZHE
з	U+0437	cyrillic	1	1	A	CYRILLIC SMALL LETTER ZE
и	U+0438	cyrillic	1	1	A	CYRILLIC SMALL LETTER I
й	U+0439	cyrillic	1	1	A	CYRILLIC SMALL LETTER SHORT I
к	U+043A	cyrillic	1	1	A	CYRILLIC SMALL LETTER KA
л	U+043B	cyrillic	1	1	A	CYRILLIC SMALL LETTER EL
м	U+043C	cyrillic	1	1	A	CYRILLIC SMALL LETTER EM
н	U+043D	cyrillic	1	1	A	CYRILLIC SMALL LETTER EN
о	U+043E	cyrillic	1	1	A	CYRILLIC SMALL LETTER O
п	U+043F	cyrillic	1	1	A	CYRILLIC SMALL LETTER PE
р	U+0440	cyrillic	1	1	A	CYRILLIC SMALL LETTER ER
с	U+0441	cyrillic	1	1	A	CYRILLIC SMALL LETTER ES
т	U+0442	cyrillic	1	1	A	CYRILLIC SMALL LETTER TE
у	U+0443	cyrillic	1	1	A	CYRILLIC SMALL LETTER U
ф	U+0444	cyrillic	1	1	A	CYRILLIC SMALL LETTER EF
х	U+0445	cyrillic	1	1	A	CYRILLIC SMALL LETTER HA
ц	U+0446	cyrillic	1	1	A	CYRILLIC SMALL LETTER TSE
ч	U+0447	cyrillic	1	1	A	CYRILLIC SMALL LETTER CHE
ш	U+0448	cyrillic	1	1	A	CYRILLIC SMALL LETTER SHA
щ	U+0449	cyrillic	1	1	A	CYRILLIC SMALL LETTER SHCHA
ъ	U+044A	cyrillic	1	1	A	CYRILLIC SMALL LETTER HARD SIGN
ы	U+044B	cyrillic	1	1	A	CYRILLIC SMALL LETTER YERU
ь	U+044C	cyrillic	1	1	A	CYRILLIC SMALL LETTER SOFT SIGN
э	U+044D	cyrillic	1	1	A	CYRILLIC SMALL LETTER E
ю	U+044E	cyrillic	1	1	A	CYRILLIC SMALL LETTER YU
я	U+044F	cyrillic	1	1	A	CYRILLIC SMALL LETTER YA
ё	U+0451	cyrillic	1	1	A	CYRILLIC SMALL LETTER IO
і	U+0456	cyrillic	1	1	A	CYRILLIC SMALL LETTER BYELORUSSIAN-UKRAINIAN I
א	U+05D0	hebrew	1	1	A	HEBREW LETTER ALEF
ב	U+05D1	hebrew	1	1	A	HEBREW LETTER BET
ד	U+05D3	hebrew	1	1	A	HEBREW LETTER DALET
ה	U+05D4	hebrew	1	1	A	HEBREW LETTER HE
ו	U+05D5	hebrew	1	1	A	HEBREW LETTER VAV
ח	U+05D7	hebrew	1	1	A	HEBREW LETTER HET
י	U+05D9	hebrew	1	1	A	HEBREW LETTER YOD
ל	U+05DC	hebrew	1	1	A	HEBREW LETTER LAMED
מ	U+05DE	hebrew	1	1	A	HEBREW LETTER MEM
נ	U+05E0	hebrew	1	1	A	HEBREW LETTER NUN
ע	U+05E2	hebrew	1	1	A	HEBREW LETTER AYIN
ר	U+05E8	hebrew	1	1	A	HEBREW LETTER RESH
ש	U+05E9	hebrew	1	1	A	HEBREW LETTER SHIN
ת	U+05EA	hebrew	1	1	A	HEBREW LETTER TAV
أ	U+0623	arabic	1	1	A	ARABIC LETTER ALEF WITH HAMZA ABOVE
إ	U+0625	arabic	1	1	A	ARABIC LETTER ALEF WITH HAMZA BELOW
ا	U+0627	arabic	1	1	A	ARABIC LETTER ALEF
ب	U+0628	arabic	1	1	A	ARABIC LETTER BEH
ة	U+0629	arabic	1	1	A	ARABIC LETTER TEH MARBUTA
ت	U+062A	arabic	1	1	A	ARABIC LETTER TEH
ث	U+062B	arabic	1	1	A	ARABIC LETTER THEH
ج	U+062C	arabic	1	1	A	ARABIC LETTER JEEM
ح	U+062D	arabic	1	1	A	ARABIC LETTER HAH
خ	U+062E	arabic	1	1	A	ARABIC LETTER KHAH
د	U+062F	arabic	1	1	A	ARABIC LETTER DAL
ذ	U+0630	arabic	1	1	A	ARABIC LETTER THAL
ر	U+0631	arabic	1	1	A	ARABIC LETTER REH
ز	U+0632	arabic	1	1	A	ARABIC LETTER ZAIN
س	U+0633	arabic	1	1	A	ARABIC LETTER SEEN
ش	U+0634	arabic	1	1	A	ARABIC LETTER SHEEN
ص	U+0635	arabic	1	1	A	ARABIC LETTER SAD
ض	U+0636	arabic	1	1	A	ARABIC LETTER DAD
ط	U+0637	arabic	1	1	A	ARABIC LETTER TAH
ظ	U+0638	arabic	1	1	A	ARABIC LETTER ZAH
ع	U+0639	arabic	1	1	A	ARABIC LETTER AIN
غ	U+063A	arabic	1	1	A	ARABIC LETTER GHAIN
ف	U+0641	arabic	1	1	A	ARABIC LETTER FEH
ق	U+0642	arabic	1	1	A	ARABIC LETTER QAF
ك	U+0643	arabic	1	1	A	ARABIC LETTER KAF
ل	U+0644	arabic	1	1	A	ARABIC LETTER LAM
م	U+0645	arabic	1	1	A	ARABIC LETTER MEEM
ن	U+0646	arabic	1	1	A	ARABIC LETTER NOON
ه	U+0647	arabic	1	1	A	ARABIC LETTER HEH
و	U+0648	arabic	1	1	A	ARABIC LETTER WAW
ى	U+0649	arabic	1	1	A	ARABIC LETTER ALEF MAKSURA
ي	U+064A	arabic	1	1	A	ARABIC LETTER YEH
پ	U+067E	arabic	1	1	A	ARABIC LETTER PEH
ک	U+06A9	arabic	1	1	A	ARABIC LETTER KEHEH
گ	U+06AF	arabic	1	1	A	ARABIC LETTER GAF
ی	U+06CC	arabic	1	1	A	ARABIC LETTER FARSI YEH
क	U+0915	devanagari	1	1	A	DEVANAGARI LETTER KA
त	U+0924	devanagari	1	1	A	DEVANAGARI LETTER TA
न	U+0928	devanagari	1	1	A	DEVANAGARI LETTER NA
प	U+092A	devanagari	1	1	A	DEVANAGARI LETTER PA
म	U+092E	devanagari	1	1	A	DEVANAGARI LETTER MA
र	U+0930	devanagari	1	1	A	DEVANAGARI LETTER RA
ल	U+0932	devanagari	1	1	A	DEVANAGARI LETTER LA
स	U+0938	devanagari	1	1	A	DEVANAGARI LETTER SA
ह	U+0939	devanagari	1	1	A	DEVANAGARI LETTER HA
ন	U+09A8	bengali	1	1	A	BENGALI LETTER NA
র	U+09B0	bengali	1	1	A	BENGALI LETTER RA
ก	U+0E01	thai	1	1	A	THAI CHARACTER KO KAI
ข	U+0E02	thai	1	1	A	THAI CHARACTER KHO KHAI
ค	U+0E04	thai	1	1	A	THAI CHARACTER KHO KHWAI
ง	U+0E07	thai	1	1	A	THAI CHARACTER NGO NGU
จ	U+0E08	thai	1	1	A	THAI CHARACTER CHO CHAN
ช	U+0E0A	thai	1	1	A	THAI CHARACTER CHO CHANG
ณ	U+0E13	thai	1	1	A	THAI CHARACTER NO NEN
ด	U+0E14	thai	1	1	A	THAI CHARACTER DO DEK
ต	U+0E15	thai	1	1	A	THAI CHARACTER TO TAO
ถ	U+0E16	thai	1	1	A	THAI CHARACTER THO THUNG
ท	U+0E17	thai	1	1	A	THAI CHARACTER THO THAHAN
น	U+0E19	thai	1	1	A	THAI CHARACTER NO NU
บ	U+0E1A	thai	1	1	A	THAI CHARACTER BO BAIMAI
ป	U+0E1B	thai	1	1	A	THAI CHARACTER PO PLA
ผ	U+0E1C	thai	1	1	A	THAI CHARACTER PHO PHUNG
พ	U+0E1E	thai	1	1	A	THAI CHARACTER PHO PHAN
ม	U+0E21	thai	1	1	A	THAI CHARACTER MO MA
ย	U+0E22	thai	1	1	A	THAI CHARACTER YO YAK
ร	U+0E23	thai	1	1	A	THAI CHARACTER RO RUA
ล	U+0E25	thai	1	1	A	THAI CHARACTER LO LING
ว	U+0E27	thai	1	1	A	THAI CHARACTER WO WAEN
ส	U+0E2A	thai	1	1	A	THAI CHARACTER SO SUA
ห	U+0E2B	thai	1	1	A	THAI CHARACTER HO HIP
อ	U+0E2D	thai	1	1	A	THAI CHARACTER O ANG
ะ	U+0E30	thai	1	1	A	THAI CHARACTER SARA A
า	U+0E32	thai	1	1	A	THAI CHARACTER SARA AA
ำ	U+0E33	thai	1	1	A	THAI CHARACTER SARA AM
เ	U+0E40	thai	1	1	A	THAI CHARACTER SARA E
แ	U+0E41	thai	1	1	A	THAI CHARACTER SARA AE
ใ	U+0E43	thai	1	1	A	THAI CHARACTER SARA AI MAIMUAN
ไ	U+0E44	thai	1	1	A	THAI CHARACTER SARA AI MAIMALAI
あ	U+3042	hiragana	1	1	A	HIRAGANA LETTER A
い	U+3044	hiragana	1	1	A	HIRAGANA LETTER I
う	U+3046	hiragana	1	1	A	HIRAGANA LETTER U
え	U+3048	hiragana	1	1	A	HIRAGANA LETTER E
お	U+304A	hiragana	1	1	A	HIRAGANA LETTER O
か	U+304B	hiragana	1	1	A	HIRAGANA LETTER KA
が	U+304C	hiragana	1	1	A	HIRAGANA LETTER GA
き	U+304D	hiragana	1	1	A	HIRAGANA LETTER KI
く	U+304F	hiragana	1	1	A	HIRAGANA LETTER KU
け	U+3051	hiragana	1	1	A	HIRAGANA LETTER KE
こ	U+3053	hiragana	1	1	A	HIRAGANA LETTER KO
ご	U+3054	hiragana	1	1	A	HIRAGANA LETTER GO
さ	U+3055	hiragana	1	1	A	HIRAGANA LETTER SA
ざ	U+3056	hiragana	1	1	A	HIRAGANA LETTER ZA
し	U+3057	hiragana	1	1	A	HIRAGANA LETTER SI
じ	U+3058	hiragana	1	1	A	HIRAGANA LETTER ZI
す	U+3059	hiragana	1	1	A	HIRAGANA LETTER SU
せ	U+305B	hiragana	1	1	A	HIRAGANA LETTER SE
そ	U+305D	hiragana	1	1	A	HIRAGANA LETTER SO
た	U+305F	hiragana	1	1	A	HIRAGANA LETTER TA
だ	U+3060	hiragana	1	1	A	HIRAGANA LETTER DA
ち	U+3061	hiragana	1	1	A	HIRAGANA LETTER TI
っ	U+3063	hiragana	1	1	A	HIRAGANA LETTER SMALL TU
つ	U+3064	hiragana	1	1	A	HIRAGANA LETTER TU
て	U+3066	hiragana	1	1	A	HIRAGANA LETTER TE
で	U+3067	hiragana	1	1	A	HIRAGANA LETTER DE
と	U+3068	hiragana	1	1	A	HIRAGANA LETTER TO
ど	U+3069	hiragana	1	1	A	HIRAGANA LETTER DO
な	U+306A	hiragana	1	1	A	HIRAGANA LETTER NA
に	U+306B	hiragana	1	1	A	HIRAGANA LETTER NI
の	U+306E	hiragana	1	1	A	HIRAGANA LETTER NO
は	U+306F	hiragana	1	1	A	HIRAGANA LETTER HA
ば	U+3070	hiragana	1	1	A	HIRAGANA LETTER BA
ま	U+307E	hiragana	1	1	A	HIRAGANA LETTER MA
み	U+307F	hiragana	1	1	A	HIRAGANA LETTER MI
め	U+3081	hiragana	1	1	A	HIRAGANA LETTER ME
も	U+3082	hiragana	1	1	A	HIRAGANA LETTER MO
や	U+3084	hiragana	1	1	A	HIRAGANA LETTER YA
よ	U+3088	hiragana	1	1	A	HIRAGANA LETTER YO
ら	U+3089	hiragana	1	1	A	HIRAGANA LETTER RA
り	U+308A	hiragana	1	1	A	HIRAGANA LETTER RI
る	U+308B	hiragana	1	1	A	HIRAGANA LETTER RU
れ	U+308C	hiragana	1	1	A	HIRAGANA LETTER RE
ろ	U+308D	hiragana	1	1	A	HIRAGANA LETTER RO
わ	U+308F	hiragana	1	1	A	HIRAGANA LETTER WA
を	U+3092	hiragana	1	1	A	HIRAGANA LETTER WO
ん	U+3093	hiragana	1	1	A	HIRAGANA LETTER N
ア	U+30A2	katakana	1	1	A	KATAKANA LETTER A
ィ	U+30A3	katakana	1	1	A	KATAKANA LETTER SMALL I
イ	U+30A4	katakana	1	1	A	KATAKANA LETTER I
ウ	U+30A6	katakana	1	1	A	KATAKANA LETTER U
ェ	U+30A7	katakana	1	1	A	KATAKANA LETTER SMALL E
エ	U+30A8	katakana	1	1	A	KATAKANA LETTER E
オ	U+30AA	katakana	1	1	A	KATAKANA LETTER O
カ	U+30AB	katakana	1	1	A	KATAKANA LETTER KA
キ	U+30AD	katakana	1	1	A	KATAKANA LETTER KI
ク	U+30AF	katakana	1	1	A	KATAKANA LETTER KU
グ	U+30B0	katakana	1	1	A	KATAKANA LETTER GU
コ	U+30B3	katakana	1	1	A	KATAKANA LETTER KO
サ	U+30B5	katakana	1	1	A	KATAKANA LETTER SA
シ	U+30B7	katakana	1	1	A	KATAKANA LETTER SI
ジ	U+30B8	katakana	1	1	A	KATAKANA LETTER ZI
ス	U+30B9	katakana	1	1	A	KATAKANA LETTER SU
ズ	U+30BA	katakana	1	1	A	KATAKANA LETTER ZU
セ	U+30BB	katakana	1	1	A	KATAKANA LETTER SE
タ	U+30BF	katakana	1	1	A	KATAKANA LETTER TA
ダ	U+30C0	katakana	1	1	A	KATAKANA LETTER DA
チ	U+30C1	katakana	1	1	A	KATAKANA LETTER TI
ッ	U+30C3	katakana	1	1	A	KATAKANA LETTER SMALL TU
テ	U+30C6	katakana	1	1	A	KATAKANA LETTER TE
デ	U+30C7	katakana	1	1	A	KATAKANA LETTER DE
ト	U+30C8	katakana	1	1	A	KATAKANA LETTER TO
ド	U+30C9	katakana	1	1	A	KATAKANA LETTER DO
ナ	U+30CA	katakana	1	1	A	KATAKANA LETTER NA
ニ	U+30CB	katakana	1	1	A	KATAKANA LETTER NI
バ	U+30D0	katakana	1	1	A	KATAKANA LETTER BA
パ	U+30D1	katakana	1	1	A	KATAKANA LETTER PA
ビ	U+30D3	katakana	1	1	A	KATAKANA LETTER BI
ピ	U+30D4	katakana	1	1	A	KATAKANA LETTER PI
フ	U+30D5	katakana	1	1	A	KATAKANA LETTER HU
ブ	U+30D6	katakana	1	1	A	KATAKANA LETTER BU
プ	U+30D7	katakana	1	1	A	KATAKANA LETTER PU
ペ	U+30DA	katakana	1	1	A	KATAKANA LETTER PE
ポ	U+30DD	katakana	1	1	A	KATAKANA LETTER PO
マ	U+30DE	katakana	1	1	A	KATAKANA LETTER MA
ム	U+30E0	katakana	1	1	A	KATAKANA LETTER MU
メ	U+30E1	katakana	1	1	A	KATAKANA LETTER ME
ャ	U+30E3	katakana	1	1	A	KATAKANA LETTER SMALL YA
ュ	U+30E5	katakana	1	1	A	KATAKANA LETTER SMALL YU
ョ	U+30E7	katakana	1	1	A	KATAKANA LETTER SMALL YO
ラ	U+30E9	katakana	1	1	A	KATAKANA LETTER RA
リ	U+30EA	katakana	1	1	A	KATAKANA LETTER RI
ル	U+30EB	katakana	1	1	A	KATAKANA LETTER RU
レ	U+30EC	katakana	1	1	A	KATAKANA LETTER RE
ロ	U+30ED	katakana	1	1	A	KATAKANA LETTER RO
ン	U+30F3	katakana	1	1	A	KATAKANA LETTER N
一	U+4E00	cjk_unified	1	1	A	CJK UNIFIED IDEOGRAPH-4E00
万	U+4E07	cjk_unified	1	1	A	CJK UNIFIED IDEOGRAPH-4E07
三	U+4E09	cjk_unified	1	1	A	CJK UNIFIED IDEOGRAPH-4E09
上	U+4E0A	cjk_unified	1	1	A	CJK UNIFIED IDEOGRAPH-4E0A
下	U+4E0B	cjk_unified	1	1	A	CJK UNIFIED IDEOGRAPH-4E0B
不	U+4E0D	cjk_unified	1	1	A	CJK UNIFIED IDEOGRAPH-4E0D
与	U+4E0E	cjk_unified	1	1	A	CJK UNIFIED IDEOGRAPH-4E0E
专	U+4E13	cjk_unified	1	1	A	CJK UNIFIED IDEOGRAPH-4E13
业	U+4E1A	cjk_unified	1	1	A	CJK UNIFIED IDEOGRAPH-4E1A
东	U+4E1C	cjk_unified	1	1	A	CJK UNIFIED IDEOGRAPH-4E1C
两	U+4E24	cjk_unified	1	1	A	CJK UNIFIED IDEOGRAPH-4E24
个	U+4E2A	cjk_unified	1	1	A	CJK UNIFIED IDEOGRAPH-4E2A
中	U+4E2D	cjk_unified	1	1	A	CJK UNIFIED IDEOGRAPH-4E2D
串	U+4E32	cjk_unified	1	1	A	CJK UNIFIED IDEOGRAPH-4E32
为	U+4E3A	cjk_unified	1	1	A	CJK UNIFIED IDEOGRAPH-4E3A
主	U+4E3B	cjk_unified	1	1	A	CJK UNIFIED IDEOGRAPH-4E3B
么	U+4E48	cjk_unified	1	1	A	CJK UNIFIED IDEOGRAPH-4E48
义	U+4E49	cjk_unified	1	1	A	CJK UNIFIED IDEOGRAPH-4E49
之	U+4E4B	cjk_unified	1	1	A	CJK UNIFIED IDEOGRAPH-4E4B
也	U+4E5F	cjk_unified	1	1	A	CJK UNIFIED IDEOGRAPH-4E5F
书	U+4E66	cjk_unified	1	1	A	CJK UNIFIED IDEOGRAPH-4E66
了	U+4E86	cjk_unified	1	1	A	CJK UNIFIED IDEOGRAPH-4E86
事	U+4E8B	cjk_unified	1	1	A	CJK UNIFIED IDEOGRAPH-4E8B
二	U+4E8C	cjk_unified	1	1	A	CJK UNIFIED IDEOGRAPH-4E8C
于	U+4E8E	cjk_unified	1	1	A	CJK UNIFIED IDEOGRAPH-4E8E
五	U+4E94	cjk_unified	1	1	A	CJK UNIFIED IDEOGRAPH-4E94
些	U+4E9B	cjk_unified	1	1	A	CJK UNIFIED IDEOGRAPH-4E9B
交	U+4EA4	cjk_unified	1	1	A	CJK UNIFIED IDEOGRAPH-4EA4
产	U+4EA7	cjk_unified	1	1	A	CJK UNIFIED IDEOGRAPH-4EA7
享	U+4EAB	cjk_unified	1	1	A	CJK UNIFIED IDEOGRAPH-4EAB
京	U+4EAC	cjk_unified	1	1	A	CJK UNIFIED IDEOGRAPH-4EAC
人	U+4EBA	cjk_unified	1	1	A	CJK UNIFIED IDEOGRAPH-4EBA
亿	U+4EBF	cjk_unified	1	1	A	CJK UNIFIED IDEOGRAPH-4EBF
今	U+4ECA	cjk_unified	1	1	A	CJK UNIFIED IDEOGRAPH-4ECA
介	U+4ECB	cjk_unified	1	1	A	CJK UNIFIED IDEOGRAPH-4ECB
从	U+4ECE	cjk_unified	1	1	A	CJK UNIFIED IDEOGRAPH-4ECE
他	U+4ED6	cjk_unified	1	1	A	CJK UNIFIED IDEOGRAPH-4ED6
付	U+4ED8	cjk_unified	1	1	A	CJK UNIFIED IDEOGRAPH-4ED8
代	U+4EE3	cjk_unified	1	1	A	CJK UNIFIED IDEOGRAPH-4EE3
以	U+4EE5	cjk_unified	1	1	A	CJK UNIFIED IDEOGRAPH-4EE5
们	U+4EEC	cjk_unified	1	1	A	CJK UNIFIED IDEOGRAPH-4EEC
件	U+4EF6	cjk_unified	1	1	A	CJK UNIFIED IDEOGRAPH-4EF6
价	U+4EF7	cjk_unified	1	1	A	CJK UNIFIED IDEOGRAPH-4EF7
任	U+4EFB	cjk_unified	1	1	A	CJK UNIFIED IDEOGRAPH-4EFB
份	U+4EFD	cjk_unified	1	1	A	CJK UNIFIED IDEOGRAPH-4EFD
企	U+4F01	cjk_unified	1	1	A	CJK UNIFIED IDEOGRAPH-4F01
优	U+4F18	cjk_unified	1	1	A	CJK UNIFIED IDEOGRAPH-4F18
会	U+4F1A	cjk_unified	1	1	A	CJK UNIFIED IDEOGRAPH-4F1A
传	U+4F20	cjk_unified	1	1	A	CJK UNIFIED IDEOGRAPH-4F20
但	U+4F46	cjk_unified	1	1	A	CJK UNIFIED IDEOGRAPH-4F46
位	U+4F4D	cjk_unified	1	1	A	CJK UNIFIED IDEOGRAPH-4F4D
体	U+4F53	cjk_unified	1	1	A	CJK UNIFIED IDEOGRAPH-4F53
何	U+4F55	cjk_unified	1	1	A	CJK UNIFIED IDEOGRAPH-4F55
余	U+4F59	cjk_unified	1	1	A	CJK UNIFIED IDEOGRAPH-4F59
作	U+4F5C	cjk_unified	1	1	A	CJK UNIFIED IDEOGRAPH-4F5C
你	U+4F60	cjk_unified	1	1	A	CJK UNIFIED IDEOGRAPH-4F60
使	U+4F7F	cjk_unified	1	1	A	CJK UNIFIED IDEOGRAPH-4F7F
例	U+4F8B	cjk_unified	1	1	A	CJK UNIFIED IDEOGRAPH-4F8B
供	U+4F9B	cjk_unified	1	1	A	CJK UNIFIED IDEOGRAPH-4F9B
価	U+4FA1	cjk_unified	1	1	A	CJK UNIFIED IDEOGRAPH-4FA1
保	U+4FDD	cjk_unified	1	1	A	CJK UNIFIED IDEOGRAPH-4FDD
信	U+4FE1	cjk_unified	1	1	A	CJK UNIFIED IDEOGRAPH-4FE1
修	U+4FEE	cjk_unified	1	1	A	CJK UNIFIED IDEOGRAPH-4FEE
倍	U+500D	cjk_unified	1	1	A	CJK UNIFIED IDEOGRAPH-500D
值	U+503C	cjk_unified	1	1	A	CJK UNIFIED IDEOGRAPH-503C
停	U+505C	cjk_unified	1	1	A	CJK UNIFIED IDEOGRAPH-505C
像	U+50CF	cjk_unified	1	1	A	CJK UNIFIED IDEOGRAPH-50CF
元	U+5143	cjk_unified	1	1	A	CJK UNIFIED IDEOGRAPH-5143
先	U+5148	cjk_unified	1	1	A	CJK UNIFIED IDEOGRAPH-5148
入	U+5165	cjk_unified	1	1	A	CJK UNIFIED IDEOGRAPH-5165
全	U+5168	cjk_unified	1	1	A	CJK UNIFIED IDEOGRAPH-5168
公	U+516C	cjk_unified	1	1	A	CJK UNIFIED IDEOGRAPH-516C
共	U+5171	cjk_unified	1	1	A	CJK UNIFIED IDEOGRAPH-5171
关	U+5173	cjk_unified	1	1	A	CJK UNIFIED IDEOGRAPH-5173
其	U+5176	cjk_unified	1	1	A	CJK UNIFIED IDEOGRAPH-5176
具	U+5177	cjk_unified	1	1	A	CJK UNIFIED IDEOGRAPH-5177
内	U+5185	cjk_unified	1	1	A	CJK UNIFIED IDEOGRAPH-5185
円	U+5186	cjk_unified	1	1	A	CJK UNIFIED IDEOGRAPH-5186
册	U+518C	cjk_unified	1	1	A	CJK UNIFIED IDEOGRAPH-518C
再	U+518D	cjk_unified	1	1	A	CJK UNIFIED IDEOGRAPH-518D
写	U+5199	cjk_unified	1	1	A	CJK UNIFIED IDEOGRAPH-5199
出	U+51FA	cjk_unified	1	1	A	CJK UNIFIED IDEOGRAPH-51FA
击	U+51FB	cjk_unified	1	1	A	CJK UNIFIED IDEOGRAPH-51FB
分	U+5206	cjk_unified	1	1	A	CJK UNIFIED IDEOGRAPH-5206
列	U+5217	cjk_unified	1	1	A	CJK UNIFIED IDEOGRAPH-5217
则	U+5219	cjk_unified	1	1	A	CJK UNIFIED IDEOGRAPH-5219
初	U+521D	cjk_unified	1	1	A	CJK UNIFIED IDEOGRAPH-521D
利	U+5229	cjk_unified	1	1	A	CJK UNIFIED IDEOGRAPH-5229
别	U+522B	cjk_unified	1	1	A	CJK UNIFIED IDEOGRAPH-522B
到	U+5230	cjk_unified	1	1	A	CJK UNIFIED IDEOGRAPH-5230
制	U+5236	cjk_unified	1	1	A	CJK UNIFIED IDEOGRAPH-5236
前	U+524D	cjk_unified	1	1	A	CJK UNIFIED IDEOGRAPH-524D
力	U+529B	cjk_unified	1	1	A	CJK UNIFIED IDEOGRAPH-529B
功	U+529F	cjk_unified	1	1	A	CJK UNIFIED IDEOGRAPH-529F
加	U+52A0	cjk_unified	1	1	A	CJK UNIFIED IDEOGRAPH-52A0
务	U+52A1	cjk_unified	1	1	A	CJK UNIFIED IDEOGRAPH-52A1
动	U+52A8	cjk_unified	1	1	A	CJK UNIFIED IDEOGRAPH-52A8
動	U+52D5	cjk_unified	1	1	A	CJK UNIFIED IDEOGRAPH-52D5
包	U+5305	cjk_unified	1	1	A	CJK UNIFIED IDEOGRAPH-5305
化	U+5316	cjk_unified	1	1	A	CJK UNIFIED IDEOGRAPH-5316
北	U+5317	cjk_unified	1	1	A	CJK UNIFIED IDEOGRAPH-5317
区	U+533A	cjk_unified	1	1	A	CJK UNIFIED IDEOGRAPH-533A
十	U+5341	cjk_unified	1	1	A	CJK UNIFIED IDEOGRAPH-5341
午	U+5348	cjk_unified	1	1	A	CJK UNIFIED IDEOGRAPH-5348
华	U+534E	cjk_unified	1	1	A	CJK UNIFIED IDEOGRAPH-534E
单	U+5355	cjk_unified	1	1	A	CJK UNIFIED IDEOGRAPH-5355
南	U+5357	cjk_unified	1	1	A	CJK UNIFIED IDEOGRAPH-5357
即	U+5373	cjk_unified	1	1	A	CJK UNIFIED IDEOGRAPH-5373
历	U+5386	cjk_unified	1	1	A	CJK UNIFIED IDEOGRAPH-5386
原	U+539F	cjk_unified	1	1	A	CJK UNIFIED IDEOGRAPH-539F
去	U+53BB	cjk_unified	1	1	A	CJK UNIFIED IDEOGRAPH-53BB
县	U+53BF	cjk_unified	1	1	A	CJK UNIFIED IDEOGRAPH-53BF
参	U+53C2	cjk_unified	1	1	A	CJK UNIFIED IDEOGRAPH-53C2
及	U+53CA	cjk_unified	1	1	A	CJK UNIFIED IDEOGRAPH-53CA
友	U+53CB	cjk_unified	1	1	A	CJK UNIFIED IDEOGRAPH-53CB
反	U+53CD	cjk_unified	1	1	A	CJK UNIFIED IDEOGRAPH-53CD
发	U+53D1	cjk_unified	1	1	A	CJK UNIFIED IDEOGRAPH-53D1
取	U+53D6	cjk_unified	1	1	A	CJK UNIFIED IDEOGRAPH-53D6
变	U+53D8	cjk_unified	1	1	A	CJK UNIFIED IDEOGRAPH-53D8
口	U+53E3	cjk_unified	1	1	A	CJK UNIFIED IDEOGRAPH-53E3
只	U+53EA	cjk_unified	1	1	A	CJK UNIFIED IDEOGRAPH-53EA
可	U+53EF	cjk_unified	1	1	A	CJK UNIFIED IDEOGRAPH-53EF
台	U+53F0	cjk_unified	1	1	A	CJK UNIFIED IDEOGRAPH-53F0
右	U+53F3	cjk_unified	1	1	A	CJK UNIFIED IDEOGRAPH-53F3
号	U+53F7	cjk_unified	1	1	A	CJK UNIFIED IDEOGRAPH-53F7
司	U+53F8	cjk_unified	1	1	A	CJK UNIFIED IDEOGRAPH-53F8
合	U+5408	cjk_unified	1	1	A	CJK UNIFIED IDEOGRAPH-5408
同	U+540C	cjk_unified	1	1	A	CJK UNIFIED IDEOGRAPH-540C
名	U+540D	cjk_unified	1	1	A	CJK UNIFIED IDEOGRAPH-540D
后	U+540E	cjk_unified	1	1	A	CJK UNIFIED IDEOGRAPH-540E
向	U+5411	cjk_unified	1	1	A	CJK UNIFIED IDEOGRAPH-5411
否	U+5426	cjk_unified	1	1	A	CJK UNIFIED IDEOGRAPH-5426
含	U+542B	cjk_unified	1	1	A	CJK UNIFIED IDEOGRAPH-542B
听	U+542C	cjk_unified	1	1	A	CJK UNIFIED IDEOGRAPH-542C
启	U+542F	cjk_unified	1	1	A	CJK UNIFIED IDEOGRAPH-542F
告	U+544A	cjk_unified	1	1	A	CJK UNIFIED IDEOGRAPH-544A
员	U+5458	cjk_unified	1	1	A	CJK UNIFIED IDEOGRAPH-5458
周	U+5468	cjk_unified	1	1	A	CJK UNIFIED IDEOGRAPH-5468
命	U+547D	cjk_unified	1	1	A	CJK UNIFIED IDEOGRAPH-547D
和	U+548C	cjk_unified	1	1	A	CJK UNIFIED IDEOGRAPH-548C
品	U+54C1	cjk_unified	1	1	A	CJK UNIFIED IDEOGRAPH-54C1
哈	U+54C8	cjk_unified	1	1	A	CJK UNIFIED IDEOGRAPH-54C8
商	U+5546	cjk_unified	1	1	A	CJK UNIFIED IDEOGRAPH-5546
問	U+554F	cjk_unified	1	1	A	CJK UNIFIED IDEOGRAPH-554F
器	U+5668	cjk_unified	1	1	A	CJK UNIFIED IDEOGRAPH-5668
四	U+56DB	cjk_unified	1	1	A	CJK UNIFIED IDEOGRAPH-56DB
回	U+56DE	cjk_unified	1	1	A	CJK UNIFIED IDEOGRAPH-56DE
因	U+56E0	cjk_unified	1	1	A	CJK UNIFIED IDEOGRAPH-56E0
国	U+56FD	cjk_unified	1	1	A	CJK UNIFIED IDEOGRAPH-56FD
图	U+56FE	cjk_unified	1	1	A	CJK UNIFIED IDEOGRAPH-56FE
土	U+571F	cjk_unified	1	1	A	CJK UNIFIED IDEOGRAPH-571F
在	U+5728	cjk_unified	1	1	A	CJK UNIFIED IDEOGRAPH-5728
地	U+5730	cjk_unified	1	1	A	CJK UNIFIED IDEOGRAPH-5730
场	U+573A	cjk_unified	1	1	A	CJK UNIFIED IDEOGRAPH-573A
址	U+5740	cjk_unified	1	1	A	CJK UNIFIED IDEOGRAPH-5740
型	U+578B	cjk_unified	1	1	A	CJK UNIFIED IDEOGRAPH-578B
城	U+57CE	cjk_unified	1	1	A	CJK UNIFIED IDEOGRAPH-57CE
基	U+57FA	cjk_unified	1	1	A	CJK UNIFIED IDEOGRAPH-57FA
報	U+5831	cjk_unified	1	1	A	CJK UNIFIED IDEOGRAPH-5831
場	U+5834	cjk_unified	1	1	A	CJK UNIFIED IDEOGRAPH-5834
填	U+586B	cjk_unified	1	1	A	CJK UNIFIED IDEOGRAPH-586B
增	U+589E	cjk_unified	1	1	A	CJK UNIFIED IDEOGRAPH-589E
声	U+58F0	cjk_unified	1	1	A	CJK UNIFIED IDEOGRAPH-58F0
处	U+5904	cjk_unified	1	1	A	CJK UNIFIED IDEOGRAPH-5904
备	U+5907	cjk_unified	1	1	A	CJK UNIFIED IDEOGRAPH-5907
复	U+590D	cjk_unified	1	1	A	CJK UNIFIED IDEOGRAPH-590D
外	U+5916	cjk_unified	1	1	A	CJK UNIFIED IDEOGRAPH-5916
多	U+591A	cjk_unified	1	1	A	CJK UNIFIED IDEOGRAPH-591A
大	U+5927	cjk_unified	1	1	A	CJK UNIFIED IDEOGRAPH-5927
天	U+5929	cjk_unified	1	1	A	CJK UNIFIED IDEOGRAPH-5929
失	U+5931	cjk_unified	1	1	A	CJK UNIFIED IDEOGRAPH-5931
头	U+5934	cjk_unified	1	1	A	CJK UNIFIED IDEOGRAPH-5934
女	U+5973	cjk_unified	1	1	A	CJK UNIFIED IDEOGRAPH-5973
好	U+597D	cjk_unified	1	1	A	CJK UNIFIED IDEOGRAPH-597D
如	U+5982	cjk_unified	1	1	A	CJK UNIFIED IDEOGRAPH-5982
始	U+59CB	cjk_unified	1	1	A	CJK UNIFIED IDEOGRAPH-59CB
子	U+5B50	cjk_unified	1	1	A	CJK UNIFIED IDEOGRAPH-5B50
字	U+5B57	cjk_unified	1	1	A	CJK UNIFIED IDEOGRAPH-5B57
存	U+5B58	cjk_unified	1	1	A	CJK UNIFIED IDEOGRAPH-5B58
学	U+5B66	cjk_unified	1	1	A	CJK UNIFIED IDEOGRAPH-5B66
安	U+5B89	cjk_unified	1	1	A	CJK UNIFIED IDEOGRAPH-5B89
宋	U+5B8B	cjk_unified	1	1	A	CJK UNIFIED IDEOGRAPH-5B8B
完	U+5B8C	cjk_unified	1	1	A	CJK UNIFIED IDEOGRAPH-5B8C
定	U+5B9A	cjk_unified	1	1	A	CJK UNIFIED IDEOGRAPH-5B9A
实	U+5B9E	cjk_unified	1	1	A	CJK UNIFIED IDEOGRAPH-5B9E
审	U+5BA1	cjk_unified	1	1	A	CJK UNIFIED IDEOGRAPH-5BA1
客	U+5BA2	cjk_unified	1	1	A	CJK UNIFIED IDEOGRAPH-5BA2
家	U+5BB6	cjk_unified	1	1	A	CJK UNIFIED IDEOGRAPH-5BB6
容	U+5BB9	cjk_unified	1	1	A	CJK UNIFIED IDEOGRAPH-5BB9
密	U+5BC6	cjk_unified	1	1	A	CJK UNIFIED IDEOGRAPH-5BC6
对	U+5BF9	cjk_unified	1	1	A	CJK UNIFIED IDEOGRAPH-5BF9
导	U+5BFC	cjk_unified	1	1	A	CJK UNIFIED IDEOGRAPH-5BFC
将	U+5C06	cjk_unified	1	1	A	CJK UNIFIED IDEOGRAPH-5C06
小	U+5C0F	cjk_unified	1	1	A	CJK UNIFIED IDEOGRAPH-5C0F
少	U+5C11	cjk_unified	1	1	A	CJK UNIFIED IDEOGRAPH-5C11
尔	U+5C14	cjk_unified	1	1	A	CJK UNIFIED IDEOGRAPH-5C14
就	U+5C31	cjk_unified	1	1	A	CJK UNIFIED IDEOGRAPH-5C31
局	U+5C40	cjk_unified	1	1	A	CJK UNIFIED IDEOGRAPH-5C40
展	U+5C55	cjk_unified	1	1	A	CJK UNIFIED IDEOGRAPH-5C55
山	U+5C71	cjk_unified	1	1	A	CJK UNIFIED IDEOGRAPH-5C71
岁	U+5C81	cjk_unified	1	1	A	CJK UNIFIED IDEOGRAPH-5C81
−	U+2212	math_operators	1	1	A	MINUS SIGN
™	U+2122	letterlike	1	1	A	TRADE MARK SIGN
←	U+2190	arrows	1	1	A	LEFTWARDS ARROW
↑	U+2191	arrows	1	1	A	UPWARDS ARROW
→	U+2192	arrows	1	1	A	RIGHTWARDS ARROW
↓	U+2193	arrows	1	1	A	DOWNWARDS ARROW
■	U+25A0	geometric_shapes	1	1	A	BLACK SQUARE
►	U+25BA	geometric_shapes	1	1	A	BLACK RIGHT-POINTING POINTER
●	U+25CF	geometric_shapes	1	1	A	BLACK CIRCLE
★	U+2605	misc_symbols	1	1	A	BLACK STAR
☆	U+2606	misc_symbols	1	1	A	WHITE STAR
☴	U+2634	misc_symbols	1	1	A	TRIGRAM FOR WIND
♀	U+2640	misc_symbols	1	1	A	FEMALE SIGN
♥	U+2665	misc_symbols	1	1	A	BLACK HEART SUIT
♪	U+266A	misc_symbols	1	1	A	EIGHTH NOTE
✔	U+2714	dingbats	1	1	A	HEAVY CHECK MARK
⠀	U+2800	braille	1	1	A	BRAILLE PATTERN BLANK
─	U+2500	box_drawing	1	1	A	BOX DRAWINGS LIGHT HORIZONTAL
━	U+2501	box_drawing	1	1	A	BOX DRAWINGS HEAVY HORIZONTAL
│	U+2502	box_drawing	1	1	A	BOX DRAWINGS LIGHT VERTICAL
═	U+2550	box_drawing	1	1	A	BOX DRAWINGS DOUBLE HORIZONTAL
║	U+2551	box_drawing	1	1	A	BOX DRAWINGS DOUBLE VERTICAL
╗	U+2557	box_drawing	1	1	A	BOX DRAWINGS DOUBLE DOWN AND LEFT
╝	U+255D	box_drawing	1	1	A	BOX DRAWINGS DOUBLE UP AND LEFT
█	U+2588	block_elements	1	1	A	FULL BLOCK
░	U+2591	block_elements	1	1	A	LIGHT SHADE
、	U+3001	cjk_symbols	1	1	A	IDEOGRAPHIC COMMA
。	U+3002	cjk_symbols	1	1	A	IDEOGRAPHIC FULL STOP
《	U+300A	cjk_symbols	1	1	A	LEFT DOUBLE ANGLE BRACKET
》	U+300B	cjk_symbols	1	1	A	RIGHT DOUBLE ANGLE BRACKET
「	U+300C	cjk_symbols	1	1	A	LEFT CORNER BRACKET
」	U+300D	cjk_symbols	1	1	A	RIGHT CORNER BRACKET
『	U+300E	cjk_symbols	1	1	A	LEFT WHITE CORNER BRACKET
』	U+300F	cjk_symbols	1	1	A	RIGHT WHITE CORNER BRACKET
【	U+3010	cjk_symbols	1	1	A	LEFT BLACK LENTICULAR BRACKET
】	U+3011	cjk_symbols	1	1	A	RIGHT BLACK LENTICULAR BRACKET
〜	U+301C	cjk_symbols	1	1	A	WAVE DASH
΄	U+0384	greek	2	1	B	GREEK TONOS
Ά	U+0386	greek	2	1	B	GREEK CAPITAL LETTER ALPHA WITH TONOS
Έ	U+0388	greek	2	1	B	GREEK CAPITAL LETTER EPSILON WITH TONOS
Ό	U+038C	greek	2	1	B	GREEK CAPITAL LETTER OMICRON WITH TONOS
ΐ	U+0390	greek	2	1	B	GREEK SMALL LETTER IOTA WITH DIALYTIKA AND TONOS
Α	U+0391	greek	2	1	B	GREEK CAPITAL LETTER ALPHA
Β	U+0392	greek	2	1	B	GREEK CAPITAL LETTER BETA
Γ	U+0393	greek	2	1	B	GREEK CAPITAL LETTER GAMMA
Δ	U+0394	greek	2	1	B	GREEK CAPITAL LETTER DELTA
Ε	U+0395	greek	2	1	B	GREEK CAPITAL LETTER EPSILON
Ζ	U+0396	greek	2	1	B	GREEK CAPITAL LETTER ZETA
Η	U+0397	greek	2	1	B	GREEK CAPITAL LETTER ETA
Θ	U+0398	greek	2	1	B	GREEK CAPITAL LETTER THETA
Ι	U+0399	greek	2	1	B	GREEK CAPITAL LETTER IOTA
Κ	U+039A	greek	2	1	B	GREEK CAPITAL LETTER KAPPA
Λ	U+039B	greek	2	1	B	GREEK CAPITAL LETTER LAMDA
Μ	U+039C	greek	2	1	B	GREEK CAPITAL LETTER MU
Ν	U+039D	greek	2	1	B	GREEK CAPITAL LETTER NU
Ξ	U+039E	greek	2	1	B	GREEK CAPITAL LETTER XI
Ο	U+039F	greek	2	1	B	GREEK CAPITAL LETTER OMICRON
Π	U+03A0	greek	2	1	B	GREEK CAPITAL LETTER PI
Ρ	U+03A1	greek	2	1	B	GREEK CAPITAL LETTER RHO
Σ	U+03A3	greek	2	1	B	GREEK CAPITAL LETTER SIGMA
Τ	U+03A4	greek	2	1	B	GREEK CAPITAL LETTER TAU
Υ	U+03A5	greek	2	1	B	GREEK CAPITAL LETTER UPSILON
Φ	U+03A6	greek	2	1	B	GREEK CAPITAL LETTER PHI
Χ	U+03A7	greek	2	1	B	GREEK CAPITAL LETTER CHI
Ψ	U+03A8	greek	2	1	B	GREEK CAPITAL LETTER PSI
Ω	U+03A9	greek	2	1	B	GREEK CAPITAL LETTER OMEGA
ζ	U+03B6	greek	2	1	B	GREEK SMALL LETTER ZETA
ξ	U+03BE	greek	2	1	B	GREEK SMALL LETTER XI
ψ	U+03C8	greek	2	1	B	GREEK SMALL LETTER PSI
ϊ	U+03CA	greek	2	1	B	GREEK SMALL LETTER IOTA WITH DIALYTIKA
ϋ	U+03CB	greek	2	1	B	GREEK SMALL LETTER UPSILON WITH DIALYTIKA
ύ	U+03CD	greek	2	1	B	GREEK SMALL LETTER UPSILON WITH TONOS
ώ	U+03CE	greek	2	1	B	GREEK SMALL LETTER OMEGA WITH TONOS
ἀ	U+1F00	greek_ext	3	1	B	GREEK SMALL LETTER ALPHA WITH PSILI
ἐ	U+1F10	greek_ext	3	1	B	GREEK SMALL LETTER EPSILON WITH PSILI
ὐ	U+1F50	greek_ext	3	1	B	GREEK SMALL LETTER UPSILON WITH PSILI
ὰ	U+1F70	greek_ext	3	1	B	GREEK SMALL LETTER ALPHA WITH VARIA
ὶ	U+1F76	greek_ext	3	1	B	GREEK SMALL LETTER IOTA WITH VARIA
ί	U+1F77	greek_ext	3	1	B	GREEK SMALL LETTER IOTA WITH OXIA
ὸ	U+1F78	greek_ext	3	1	B	GREEK SMALL LETTER OMICRON WITH VARIA
ῖ	U+1FD6	greek_ext	3	1	B	GREEK SMALL LETTER IOTA WITH PERISPOMENI
ῦ	U+1FE6	greek_ext	3	1	B	GREEK SMALL LETTER UPSILON WITH PERISPOMENI
ῶ	U+1FF6	greek_ext	3	1	B	GREEK SMALL LETTER OMEGA WITH PERISPOMENI
Ё	U+0401	cyrillic	2	1	B	CYRILLIC CAPITAL LETTER IO
Є	U+0404	cyrillic	2	1	B	CYRILLIC CAPITAL LETTER UKRAINIAN IE
Ѕ	U+0405	cyrillic	2	1	B	CYRILLIC CAPITAL LETTER DZE
І	U+0406	cyrillic	2	1	B	CYRILLIC CAPITAL LETTER BYELORUSSIAN-UKRAINIAN I
Ї	U+0407	cyrillic	2	1	B	CYRILLIC CAPITAL LETTER YI
Ј	U+0408	cyrillic	2	1	B	CYRILLIC CAPITAL LETTER JE
Ў	U+040E	cyrillic	2	1	B	CYRILLIC CAPITAL LETTER SHORT U
Ж	U+0416	cyrillic	2	1	B	CYRILLIC CAPITAL LETTER ZHE
Й	U+0419	cyrillic	2	1	B	CYRILLIC CAPITAL LETTER SHORT I
Х	U+0425	cyrillic	2	1	B	CYRILLIC CAPITAL LETTER HA
Ш	U+0428	cyrillic	2	1	B	CYRILLIC CAPITAL LETTER SHA
Щ	U+0429	cyrillic	2	1	B	CYRILLIC CAPITAL LETTER SHCHA
Ъ	U+042A	cyrillic	2	1	B	CYRILLIC CAPITAL LETTER HARD SIGN
Ы	U+042B	cyrillic	2	1	B	CYRILLIC CAPITAL LETTER YERU
Ь	U+042C	cyrillic	2	1	B	CYRILLIC CAPITAL LETTER SOFT SIGN
Ю	U+042E	cyrillic	2	1	B	CYRILLIC CAPITAL LETTER YU
ђ	U+0452	cyrillic	2	1	B	CYRILLIC SMALL LETTER DJE
ѓ	U+0453	cyrillic	2	1	B	CYRILLIC SMALL LETTER GJE
є	U+0454	cyrillic	2	1	B	CYRILLIC SMALL LETTER UKRAINIAN IE
ѕ	U+0455	cyrillic	2	1	B	CYRILLIC SMALL LETTER DZE
ї	U+0457	cyrillic	2	1	B	CYRILLIC SMALL LETTER YI
ј	U+0458	cyrillic	2	1	B	CYRILLIC SMALL LETTER JE
љ	U+0459	cyrillic	2	1	B	CYRILLIC SMALL LETTER LJE
њ	U+045A	cyrillic	2	1	B	CYRILLIC SMALL LETTER NJE
ћ	U+045B	cyrillic	2	1	B	CYRILLIC SMALL LETTER TSHE
ќ	U+045C	cyrillic	2	1	B	CYRILLIC SMALL LETTER KJE
ў	U+045E	cyrillic	2	1	B	CYRILLIC SMALL LETTER SHORT U
џ	U+045F	cyrillic	2	1	B	CYRILLIC SMALL LETTER DZHE
Ґ	U+0490	cyrillic	2	1	B	CYRILLIC CAPITAL LETTER GHE WITH UPTURN
Ғ	U+0492	cyrillic	2	1	B	CYRILLIC CAPITAL LETTER GHE WITH STROKE
ғ	U+0493	cyrillic	2	1	B	CYRILLIC SMALL LETTER GHE WITH STROKE
җ	U+0497	cyrillic	2	1	B	CYRILLIC SMALL LETTER ZHE WITH DESCENDER
ҙ	U+0499	cyrillic	2	1	B	CYRILLIC SMALL LETTER ZE WITH DESCENDER
Қ	U+049A	cyrillic	2	1	B	CYRILLIC CAPITAL LETTER KA WITH DESCENDER
қ	U+049B	cyrillic	2	1	B	CYRILLIC SMALL LETTER KA WITH DESCENDER
ҟ	U+049F	cyrillic	2	1	B	CYRILLIC SMALL LETTER KA WITH STROKE
Ҡ	U+04A0	cyrillic	2	1	B	CYRILLIC CAPITAL LETTER BASHKIR KA
ҡ	U+04A1	cyrillic	2	1	B	CYRILLIC SMALL LETTER BASHKIR KA
ң	U+04A3	cyrillic	2	1	B	CYRILLIC SMALL LETTER EN WITH DESCENDER
ҧ	U+04A7	cyrillic	2	1	B	CYRILLIC SMALL LETTER PE WITH MIDDLE HOOK
ҩ	U+04A9	cyrillic	2	1	B	CYRILLIC SMALL LETTER ABKHASIAN HA
ҫ	U+04AB	cyrillic	2	1	B	CYRILLIC SMALL LETTER ES WITH DESCENDER
ҭ	U+04AD	cyrillic	2	1	B	CYRILLIC SMALL LETTER TE WITH DESCENDER
Ү	U+04AE	cyrillic	2	1	B	CYRILLIC CAPITAL LETTER STRAIGHT U
ү	U+04AF	cyrillic	2	1	B	CYRILLIC SMALL LETTER STRAIGHT U
Ұ	U+04B0	cyrillic	2	1	B	CYRILLIC CAPITAL LETTER STRAIGHT U WITH STROKE
ұ	U+04B1	cyrillic	2	1	B	CYRILLIC SMALL LETTER STRAIGHT U WITH STROKE
Ҳ	U+04B2	cyrillic	2	1	B	CYRILLIC CAPITAL LETTER HA WITH DESCENDER
ҳ	U+04B3	cyrillic	2	1	B	CYRILLIC SMALL LETTER HA WITH DESCENDER
ҵ	U+04B5	cyrillic	2	1	B	CYRILLIC SMALL LIGATURE TE TSE
Ҷ	U+04B6	cyrillic	2	1	B	CYRILLIC CAPITAL LETTER CHE WITH DESCENDER
ҷ	U+04B7	cyrillic	2	1	B	CYRILLIC SMALL LETTER CHE WITH DESCENDER
Һ	U+04BA	cyrillic	2	1	B	CYRILLIC CAPITAL LETTER SHHA
һ	U+04BB	cyrillic	2	1	B	CYRILLIC SMALL LETTER SHHA
ҽ	U+04BD	cyrillic	2	1	B	CYRILLIC SMALL LETTER ABKHASIAN CHE
ҿ	U+04BF	cyrillic	2	1	B	CYRILLIC SMALL LETTER ABKHASIAN CHE WITH DESCENDER
Ә	U+04D8	cyrillic	2	1	B	CYRILLIC CAPITAL LETTER SCHWA
ә	U+04D9	cyrillic	2	1	B	CYRILLIC SMALL LETTER SCHWA
ӡ	U+04E1	cyrillic	2	1	B	CYRILLIC SMALL LETTER ABKHASIAN DZE
ӣ	U+04E3	cyrillic	2	1	B	CYRILLIC SMALL LETTER I WITH MACRON
Ө	U+04E8	cyrillic	2	1	B	CYRILLIC CAPITAL LETTER BARRED O
ө	U+04E9	cyrillic	2	1	B	CYRILLIC SMALL LETTER BARRED O
ӯ	U+04EF	cyrillic	2	1	B	CYRILLIC SMALL LETTER U WITH MACRON
ӷ	U+04F7	cyrillic	2	1	B	CYRILLIC SMALL LETTER GHE WITH DESCENDER
ԥ	U+0525	cyrillic_supp	2	1	B	CYRILLIC SMALL LETTER PE WITH DESCENDER
Ա	U+0531	armenian	2	1	B	ARMENIAN CAPITAL LETTER AYB
Բ	U+0532	armenian	2	1	B	ARMENIAN CAPITAL LETTER BEN
Գ	U+0533	armenian	2	1	B	ARMENIAN CAPITAL LETTER GIM
Դ	U+0534	armenian	2	1	B	ARMENIAN CAPITAL LETTER DA
Ե	U+0535	armenian	2	1	B	ARMENIAN CAPITAL LETTER ECH
Ը	U+0538	armenian	2	1	B	ARMENIAN CAPITAL LETTER ET
Թ	U+0539	armenian	2	1	B	ARMENIAN CAPITAL LETTER TO
Ժ	U+053A	armenian	2	1	B	ARMENIAN CAPITAL LETTER ZHE
Ի	U+053B	armenian	2	1	B	ARMENIAN CAPITAL LETTER INI
Լ	U+053C	armenian	2	1	B	ARMENIAN CAPITAL LETTER LIWN
Խ	U+053D	armenian	2	1	B	ARMENIAN CAPITAL LETTER XEH
Ծ	U+053E	armenian	2	1	B	ARMENIAN CAPITAL LETTER CA
Կ	U+053F	armenian	2	1	B	ARMENIAN CAPITAL LETTER KEN
Հ	U+0540	armenian	2	1	B	ARMENIAN CAPITAL LETTER HO
Մ	U+0544	armenian	2	1	B	ARMENIAN CAPITAL LETTER MEN
Յ	U+0545	armenian	2	1	B	ARMENIAN CAPITAL LETTER YI
Ն	U+0546	armenian	2	1	B	ARMENIAN CAPITAL LETTER NOW
Շ	U+0547	armenian	2	1	B	ARMENIAN CAPITAL LETTER SHA
Ո	U+0548	armenian	2	1	B	ARMENIAN CAPITAL LETTER VO
Չ	U+0549	armenian	2	1	B	ARMENIAN CAPITAL LETTER CHA
Պ	U+054A	armenian	2	1	B	ARMENIAN CAPITAL LETTER PEH
Ռ	U+054C	armenian	2	1	B	ARMENIAN CAPITAL LETTER RA
Ս	U+054D	armenian	2	1	B	ARMENIAN CAPITAL LETTER SEH
Վ	U+054E	armenian	2	1	B	ARMENIAN CAPITAL LETTER VEW
Տ	U+054F	armenian	2	1	B	ARMENIAN CAPITAL LETTER TIWN
Ր	U+0550	armenian	2	1	B	ARMENIAN CAPITAL LETTER REH
Ւ	U+0552	armenian	2	1	B	ARMENIAN CAPITAL LETTER YIWN
Փ	U+0553	armenian	2	1	B	ARMENIAN CAPITAL LETTER PIWR
Ք	U+0554	armenian	2	1	B	ARMENIAN CAPITAL LETTER KEH
Օ	U+0555	armenian	2	1	B	ARMENIAN CAPITAL LETTER OH
Ֆ	U+0556	armenian	2	1	B	ARMENIAN CAPITAL LETTER FEH
՛	U+055B	armenian	2	1	B	ARMENIAN EMPHASIS MARK
՝	U+055D	armenian	2	1	B	ARMENIAN COMMA
՞	U+055E	armenian	2	1	B	ARMENIAN QUESTION MARK
ա	U+0561	armenian	2	1	B	ARMENIAN SMALL LETTER AYB
բ	U+0562	armenian	2	1	B	ARMENIAN SMALL LETTER BEN
գ	U+0563	armenian	2	1	B	ARMENIAN SMALL LETTER GIM
դ	U+0564	armenian	2	1	B	ARMENIAN SMALL LETTER DA
ե	U+0565	armenian	2	1	B	ARMENIAN SMALL LETTER ECH
զ	U+0566	armenian	2	1	B	ARMENIAN SMALL LETTER ZA
է	U+0567	armenian	2	1	B	ARMENIAN SMALL LETTER EH
ը	U+0568	armenian	2	1	B	ARMENIAN SMALL LETTER ET
թ	U+0569	armenian	2	1	B	ARMENIAN SMALL LETTER TO
ժ	U+056A	armenian	2	1	B	ARMENIAN SMALL LETTER ZHE
ի	U+056B	armenian	2	1	B	ARMENIAN SMALL LETTER INI
լ	U+056C	armenian	2	1	B	ARMENIAN SMALL LETTER LIWN
խ	U+056D	armenian	2	1	B	ARMENIAN SMALL LETTER XEH
ծ	U+056E	armenian	2	1	B	ARMENIAN SMALL LETTER CA
կ	U+056F	armenian	2	1	B	ARMENIAN SMALL LETTER KEN
հ	U+0570	armenian	2	1	B	ARMENIAN SMALL LETTER HO
ձ	U+0571	armenian	2	1	B	ARMENIAN SMALL LETTER JA
ղ	U+0572	armenian	2	1	B	ARMENIAN SMALL LETTER GHAD
ճ	U+0573	armenian	2	1	B	ARMENIAN SMALL LETTER CHEH
մ	U+0574	armenian	2	1	B	ARMENIAN SMALL LETTER MEN
յ	U+0575	armenian	2	1	B	ARMENIAN SMALL LETTER YI
ն	U+0576	armenian	2	1	B	ARMENIAN SMALL LETTER NOW
շ	U+0577	armenian	2	1	B	ARMENIAN SMALL LETTER SHA
ո	U+0578	armenian	2	1	B	ARMENIAN SMALL LETTER VO
չ	U+0579	armenian	2	1	B	ARMENIAN SMALL LETTER CHA
պ	U+057A	armenian	2	1	B	ARMENIAN SMALL LETTER PEH
ջ	U+057B	armenian	2	1	B	ARMENIAN SMALL LETTER JHEH
ռ	U+057C	armenian	2	1	B	ARMENIAN SMALL LETTER RA
ս	U+057D	armenian	2	1	B	ARMENIAN SMALL LETTER SEH
վ	U+057E	armenian	2	1	B	ARMENIAN SMALL LETTER VEW
տ	U+057F	armenian	2	1	B	ARMENIAN SMALL LETTER TIWN
ր	U+0580	armenian	2	1	B	ARMENIAN SMALL LETTER REH
ց	U+0581	armenian	2	1	B	ARMENIAN SMALL LETTER CO
ւ	U+0582	armenian	2	1	B	ARMENIAN SMALL LETTER YIWN
փ	U+0583	armenian	2	1	B	ARMENIAN SMALL LETTER PIWR
ք	U+0584	armenian	2	1	B	ARMENIAN SMALL LETTER KEH
օ	U+0585	armenian	2	1	B	ARMENIAN SMALL LETTER OH
ֆ	U+0586	armenian	2	1	B	ARMENIAN SMALL LETTER FEH
և	U+0587	armenian	2	1	B	ARMENIAN SMALL LIGATURE ECH YIWN
։	U+0589	armenian	2	1	B	ARMENIAN FULL STOP
ג	U+05D2	hebrew	2	1	B	HEBREW LETTER GIMEL
ז	U+05D6	hebrew	2	1	B	HEBREW LETTER ZAYIN
ט	U+05D8	hebrew	2	1	B	HEBREW LETTER TET
ך	U+05DA	hebrew	2	1	B	HEBREW LETTER FINAL KAF
כ	U+05DB	hebrew	2	1	B	HEBREW LETTER KAF
ם	U+05DD	hebrew	2	1	B	HEBREW LETTER FINAL MEM
ן	U+05DF	hebrew	2	1	B	HEBREW LETTER FINAL NUN
ס	U+05E1	hebrew	2	1	B	HEBREW LETTER SAMEKH
ף	U+05E3	hebrew	2	1	B	HEBREW LETTER FINAL PE
פ	U+05E4	hebrew	2	1	B	HEBREW LETTER PE
ץ	U+05E5	hebrew	2	1	B	HEBREW LETTER FINAL TSADI
צ	U+05E6	hebrew	2	1	B	HEBREW LETTER TSADI
ק	U+05E7	hebrew	2	1	B	HEBREW LETTER QOF
ء	U+0621	arabic	2	1	B	ARABIC LETTER HAMZA
آ	U+0622	arabic	2	1	B	ARABIC LETTER ALEF WITH MADDA ABOVE
ؤ	U+0624	arabic	2	1	B	ARABIC LETTER WAW WITH HAMZA ABOVE
ئ	U+0626	arabic	2	1	B	ARABIC LETTER YEH WITH HAMZA ABOVE
ـ	U+0640	arabic	2	1	B	ARABIC TATWEEL
٠	U+0660	arabic	2	1	B	ARABIC-INDIC DIGIT ZERO
١	U+0661	arabic	2	1	B	ARABIC-INDIC DIGIT ONE
٢	U+0662	arabic	2	1	B	ARABIC-INDIC DIGIT TWO
٣	U+0663	arabic	2	1	B	ARABIC-INDIC DIGIT THREE
٤	U+0664	arabic	2	1	B	ARABIC-INDIC DIGIT FOUR
٥	U+0665	arabic	2	1	B	ARABIC-INDIC DIGIT FIVE
٦	U+0666	arabic	2	1	B	ARABIC-INDIC DIGIT SIX
٧	U+0667	arabic	2	1	B	ARABIC-INDIC DIGIT SEVEN
٨	U+0668	arabic	2	1	B	ARABIC-INDIC DIGIT EIGHT
٩	U+0669	arabic	2	1	B	ARABIC-INDIC DIGIT NINE
٪	U+066A	arabic	2	1	B	ARABIC PERCENT SIGN
٫	U+066B	arabic	2	1	B	ARABIC DECIMAL SEPARATOR
٬	U+066C	arabic	2	1	B	ARABIC THOUSANDS SEPARATOR
ٹ	U+0679	arabic	2	1	B	ARABIC LETTER TTEH
ٺ	U+067A	arabic	2	1	B	ARABIC LETTER TTEHEH
ٻ	U+067B	arabic	2	1	B	ARABIC LETTER BEEH
ټ	U+067C	arabic	2	1	B	ARABIC LETTER TEH WITH RING
ٽ	U+067D	arabic	2	1	B	ARABIC LETTER TEH WITH THREE DOTS ABOVE DOWNWARDS
ٿ	U+067F	arabic	2	1	B	ARABIC LETTER TEHEH
ڀ	U+0680	arabic	2	1	B	ARABIC LETTER BEHEH
ځ	U+0681	arabic	2	1	B	ARABIC LETTER HAH WITH HAMZA ABOVE
ڃ	U+0683	arabic	2	1	B	ARABIC LETTER NYEH
ڄ	U+0684	arabic	2	1	B	ARABIC LETTER DYEH
څ	U+0685	arabic	2	1	B	ARABIC LETTER HAH WITH THREE DOTS ABOVE
چ	U+0686	arabic	2	1	B	ARABIC LETTER TCHEH
ڇ	U+0687	arabic	2	1	B	ARABIC LETTER TCHEHEH
ڈ	U+0688	arabic	2	1	B	ARABIC LETTER DDAL
ډ	U+0689	arabic	2	1	B	ARABIC LETTER DAL WITH RING
ڊ	U+068A	arabic	2	1	B	ARABIC LETTER DAL WITH DOT BELOW
ڌ	U+068C	arabic	2	1	B	ARABIC LETTER DAHAL
ڍ	U+068D	arabic	2	1	B	ARABIC LETTER DDAHAL
ڏ	U+068F	arabic	2	1	B	ARABIC LETTER DAL WITH THREE DOTS ABOVE DOWNWARDS
ڑ	U+0691	arabic	2	1	B	ARABIC LETTER RREH
ړ	U+0693	arabic	2	1	B	ARABIC LETTER REH WITH RING
ڕ	U+0695	arabic	2	1	B	ARABIC LETTER REH WITH SMALL V BELOW
ږ	U+0696	arabic	2	1	B	ARABIC LETTER REH WITH DOT BELOW AND DOT ABOVE
ژ	U+0698	arabic	2	1	B	ARABIC LETTER JEH
ڙ	U+0699	arabic	2	1	B	ARABIC LETTER REH WITH FOUR DOTS ABOVE
ښ	U+069A	arabic	2	1	B	ARABIC LETTER SEEN WITH DOT BELOW AND DOT ABOVE
ڪ	U+06AA	arabic	2	1	B	ARABIC LETTER SWASH KAF
ګ	U+06AB	arabic	2	1	B	ARABIC LETTER KAF WITH RING
ڭ	U+06AD	arabic	2	1	B	ARABIC LETTER NG
ڳ	U+06B3	arabic	2	1	B	ARABIC LETTER GUEH
ڵ	U+06B5	arabic	2	1	B	ARABIC LETTER LAM WITH SMALL V
ں	U+06BA	arabic	2	1	B	ARABIC LETTER NOON GHUNNA
ڻ	U+06BB	arabic	2	1	B	ARABIC LETTER RNOON
ڼ	U+06BC	arabic	2	1	B	ARABIC LETTER NOON WITH RING
ھ	U+06BE	arabic	2	1	B	ARABIC LETTER HEH DOACHASHMEE
ۀ	U+06C0	arabic	2	1	B	ARABIC LETTER HEH WITH YEH ABOVE
ہ	U+06C1	arabic	2	1	B	ARABIC LETTER HEH GOAL
ۃ	U+06C3	arabic	2	1	B	ARABIC LETTER TEH MARBUTA GOAL
ۆ	U+06C6	arabic	2	1	B	ARABIC LETTER OE
ۇ	U+06C7	arabic	2	1	B	ARABIC LETTER U
ۈ	U+06C8	arabic	2	1	B	ARABIC LETTER YU
ۋ	U+06CB	arabic	2	1	B	ARABIC LETTER VE
ۍ	U+06CD	arabic	2	1	B	ARABIC LETTER YEH WITH TAIL
ێ	U+06CE	arabic	2	1	B	ARABIC LETTER YEH WITH SMALL V
ې	U+06D0	arabic	2	1	B	ARABIC LETTER E
ے	U+06D2	arabic	2	1	B	ARABIC LETTER YEH BARREE
۔	U+06D4	arabic	2	1	B	ARABIC FULL STOP
ە	U+06D5	arabic	2	1	B	ARABIC LETTER AE
۰	U+06F0	arabic	2	1	B	EXTENDED ARABIC-INDIC DIGIT ZERO
۱	U+06F1	arabic	2	1	B	EXTENDED ARABIC-INDIC DIGIT ONE
۲	U+06F2	arabic	2	1	B	EXTENDED ARABIC-INDIC DIGIT TWO
۳	U+06F3	arabic	2	1	B	EXTENDED ARABIC-INDIC DIGIT THREE
۴	U+06F4	arabic	2	1	B	EXTENDED ARABIC-INDIC DIGIT FOUR
۵	U+06F5	arabic	2	1	B	EXTENDED ARABIC-INDIC DIGIT FIVE
۶	U+06F6	arabic	2	1	B	EXTENDED ARABIC-INDIC DIGIT SIX
۷	U+06F7	arabic	2	1	B	EXTENDED ARABIC-INDIC DIGIT SEVEN
۸	U+06F8	arabic	2	1	B	EXTENDED ARABIC-INDIC DIGIT EIGHT
۹	U+06F9	arabic	2	1	B	EXTENDED ARABIC-INDIC DIGIT NINE
۽	U+06FD	arabic	2	1	B	ARABIC SIGN SINDHI AMPERSAND
۾	U+06FE	arabic	2	1	B	ARABIC SIGN SINDHI POSTPOSITION MEN
ა	U+10D0	georgian	2	1	B	GEORGIAN LETTER AN
ბ	U+10D1	georgian	2	1	B	GEORGIAN LETTER BAN
გ	U+10D2	georgian	2	1	B	GEORGIAN LETTER GAN
დ	U+10D3	georgian	2	1	B	GEORGIAN LETTER DON
ე	U+10D4	georgian	2	1	B	GEORGIAN LETTER EN
ვ	U+10D5	georgian	2	1	B	GEORGIAN LETTER VIN
ზ	U+10D6	georgian	2	1	B	GEORGIAN LETTER ZEN
თ	U+10D7	georgian	2	1	B	GEORGIAN LETTER TAN
ი	U+10D8	georgian	2	1	B	GEORGIAN LETTER IN
კ	U+10D9	georgian	2	1	B	GEORGIAN LETTER KAN
ლ	U+10DA	georgian	2	1	B	GEORGIAN LETTER LAS
მ	U+10DB	georgian	2	1	B	GEORGIAN LETTER MAN
ნ	U+10DC	georgian	2	1	B	GEORGIAN LETTER NAR
ო	U+10DD	georgian	2	1	B	GEORGIAN LETTER ON
პ	U+10DE	georgian	2	1	B	GEORGIAN LETTER PAR
ჟ	U+10DF	georgian	2	1	B	GEORGIAN LETTER ZHAR
რ	U+10E0	georgian	2	1	B	GEORGIAN LETTER RAE
ს	U+10E1	georgian	2	1	B	GEORGIAN LETTER SAN
ტ	U+10E2	georgian	2	1	B	GEORGIAN LETTER TAR
უ	U+10E3	georgian	2	1	B	GEORGIAN LETTER UN
ფ	U+10E4	georgian	2	1	B	GEORGIAN LETTER PHAR
ქ	U+10E5	georgian	2	1	B	GEORGIAN LETTER KHAR
ღ	U+10E6	georgian	2	1	B	GEORGIAN LETTER GHAN
ყ	U+10E7	georgian	2	1	B	GEORGIAN LETTER QAR
შ	U+10E8	georgian	2	1	B	GEORGIAN LETTER SHIN
ჩ	U+10E9	georgian	2	1	B	GEORGIAN LETTER CHIN
ც	U+10EA	georgian	2	1	B	GEORGIAN LETTER CAN
ძ	U+10EB	georgian	2	1	B	GEORGIAN LETTER JIL
წ	U+10EC	georgian	2	1	B	GEORGIAN LETTER CIL
ჭ	U+10ED	georgian	2	1	B	GEORGIAN LETTER CHAR
ხ	U+10EE	georgian	2	1	B	GEORGIAN LETTER XAN
ჯ	U+10EF	georgian	2	1	B	GEORGIAN LETTER JHAN
ჰ	U+10F0	georgian	2	1	B	GEORGIAN LETTER HAE
अ	U+0905	devanagari	2	1	B	DEVANAGARI LETTER A
आ	U+0906	devanagari	2	1	B	DEVANAGARI LETTER AA
इ	U+0907	devanagari	2	1	B	DEVANAGARI LETTER I
ई	U+0908	devanagari	2	1	B	DEVANAGARI LETTER II
उ	U+0909	devanagari	2	1	B	DEVANAGARI LETTER U
ऊ	U+090A	devanagari	2	1	B	DEVANAGARI LETTER UU
ए	U+090F	devanagari	2	1	B	DEVANAGARI LETTER E
ऐ	U+0910	devanagari	2	1	B	DEVANAGARI LETTER AI
ऑ	U+0911	devanagari	2	1	B	DEVANAGARI LETTER CANDRA O
ओ	U+0913	devanagari	2	1	B	DEVANAGARI LETTER O
औ	U+0914	devanagari	2	1	B	DEVANAGARI LETTER AU
ख	U+0916	devanagari	2	1	B	DEVANAGARI LETTER KHA
ग	U+0917	devanagari	2	1	B	DEVANAGARI LETTER GA
घ	U+0918	devanagari	2	1	B	DEVANAGARI LETTER GHA
ङ	U+0919	devanagari	2	1	B	DEVANAGARI LETTER NGA
च	U+091A	devanagari	2	1	B	DEVANAGARI LETTER CA
छ	U+091B	devanagari	2	1	B	DEVANAGARI LETTER CHA
ज	U+091C	devanagari	2	1	B	DEVANAGARI LETTER JA
झ	U+091D	devanagari	2	1	B	DEVANAGARI LETTER JHA
ञ	U+091E	devanagari	2	1	B	DEVANAGARI LETTER NYA
ट	U+091F	devanagari	2	1	B	DEVANAGARI LETTER TTA
ठ	U+0920	devanagari	2	1	B	DEVANAGARI LETTER TTHA
ड	U+0921	devanagari	2	1	B	DEVANAGARI LETTER DDA
ढ	U+0922	devanagari	2	1	B	DEVANAGARI LETTER DDHA
ण	U+0923	devanagari	2	1	B	DEVANAGARI LETTER NNA
थ	U+0925	devanagari	2	1	B	DEVANAGARI LETTER THA
द	U+0926	devanagari	2	1	B	DEVANAGARI LETTER DA
ध	U+0927	devanagari	2	1	B	DEVANAGARI LETTER DHA
फ	U+092B	devanagari	2	1	B	DEVANAGARI LETTER PHA
ब	U+092C	devanagari	2	1	B	DEVANAGARI LETTER BA
भ	U+092D	devanagari	2	1	B	DEVANAGARI LETTER BHA
य	U+092F	devanagari	2	1	B	DEVANAGARI LETTER YA
ऱ	U+0931	devanagari	2	1	B	DEVANAGARI LETTER RRA
ळ	U+0933	devanagari	2	1	B	DEVANAGARI LETTER LLA
व	U+0935	devanagari	2	1	B	DEVANAGARI LETTER VA
श	U+0936	devanagari	2	1	B	DEVANAGARI LETTER SHA
ष	U+0937	devanagari	2	1	B	DEVANAGARI LETTER SSA
ऽ	U+093D	devanagari	2	1	B	DEVANAGARI SIGN AVAGRAHA
क़	U+0958	devanagari	2	1	B	DEVANAGARI LETTER QA
ज़	U+095B	devanagari	2	1	B	DEVANAGARI LETTER ZA
ड़	U+095C	devanagari	2	1	B	DEVANAGARI LETTER DDDHA
ढ़	U+095D	devanagari	2	1	B	DEVANAGARI LETTER RHA
फ़	U+095E	devanagari	2	1	B	DEVANAGARI LETTER FA
।	U+0964	devanagari	2	1	B	DEVANAGARI DANDA
॥	U+0965	devanagari	2	1	B	DEVANAGARI DOUBLE DANDA
०	U+0966	devanagari	2	1	B	DEVANAGARI DIGIT ZERO
१	U+0967	devanagari	2	1	B	DEVANAGARI DIGIT ONE
२	U+0968	devanagari	2	1	B	DEVANAGARI DIGIT TWO
३	U+0969	devanagari	2	1	B	DEVANAGARI DIGIT THREE
४	U+096A	devanagari	2	1	B	DEVANAGARI DIGIT FOUR
५	U+096B	devanagari	2	1	B	DEVANAGARI DIGIT FIVE
६	U+096C	devanagari	2	1	B	DEVANAGARI DIGIT SIX
७	U+096D	devanagari	2	1	B	DEVANAGARI DIGIT SEVEN
८	U+096E	devanagari	2	1	B	DEVANAGARI DIGIT EIGHT
९	U+096F	devanagari	2	1	B	DEVANAGARI DIGIT NINE
॰	U+0970	devanagari	2	1	B	DEVANAGARI ABBREVIATION SIGN
অ	U+0985	bengali	2	1	B	BENGALI LETTER A
আ	U+0986	bengali	2	1	B	BENGALI LETTER AA
ই	U+0987	bengali	2	1	B	BENGALI LETTER I
উ	U+0989	bengali	2	1	B	BENGALI LETTER U
এ	U+098F	bengali	2	1	B	BENGALI LETTER E
ও	U+0993	bengali	2	1	B	BENGALI LETTER O
ক	U+0995	bengali	2	1	B	BENGALI LETTER KA
খ	U+0996	bengali	2	1	B	BENGALI LETTER KHA
গ	U+0997	bengali	2	1	B	BENGALI LETTER GA
ঘ	U+0998	bengali	2	1	B	BENGALI LETTER GHA
ঙ	U+0999	bengali	2	1	B	BENGALI LETTER NGA
চ	U+099A	bengali	2	1	B	BENGALI LETTER CA
ছ	U+099B	bengali	2	1	B	BENGALI LETTER CHA
জ	U+099C	bengali	2	1	B	BENGALI LETTER JA
ঝ	U+099D	bengali	2	1	B	BENGALI LETTER JHA
ঞ	U+099E	bengali	2	1	B	BENGALI LETTER NYA
ট	U+099F	bengali	2	1	B	BENGALI LETTER TTA
ঠ	U+09A0	bengali	2	1	B	BENGALI LETTER TTHA
ড	U+09A1	bengali	2	1	B	BENGALI LETTER DDA
ঢ	U+09A2	bengali	2	1	B	BENGALI LETTER DDHA
ণ	U+09A3	bengali	2	1	B	BENGALI LETTER NNA
ত	U+09A4	bengali	2	1	B	BENGALI LETTER TA
থ	U+09A5	bengali	2	1	B	BENGALI LETTER THA
দ	U+09A6	bengali	2	1	B	BENGALI LETTER DA
ধ	U+09A7	bengali	2	1	B	BENGALI LETTER DHA
প	U+09AA	bengali	2	1	B	BENGALI LETTER PA
ফ	U+09AB	bengali	2	1	B	BENGALI LETTER PHA
ব	U+09AC	bengali	2	1	B	BENGALI LETTER BA
ভ	U+09AD	bengali	2	1	B	BENGALI LETTER BHA
ম	U+09AE	bengali	2	1	B	BENGALI LETTER MA
য	U+09AF	bengali	2	1	B	BENGALI LETTER YA
ল	U+09B2	bengali	2	1	B	BENGALI LETTER LA
শ	U+09B6	bengali	2	1	B	BENGALI LETTER SHA
ষ	U+09B7	bengali	2	1	B	BENGALI LETTER SSA
স	U+09B8	bengali	2	1	B	BENGALI LETTER SA
হ	U+09B9	bengali	2	1	B	BENGALI LETTER HA
ৎ	U+09CE	bengali	2	1	B	BENGALI LETTER KHANDA TA
ড়	U+09DC	bengali	2	1	B	BENGALI LETTER RRA
ঢ়	U+09DD	bengali	2	1	B	BENGALI LETTER RHA
য়	U+09DF	bengali	2	1	B	BENGALI LETTER YYA
০	U+09E6	bengali	2	1	B	BENGALI DIGIT ZERO
১	U+09E7	bengali	2	1	B	BENGALI DIGIT ONE
২	U+09E8	bengali	2	1	B	BENGALI DIGIT TWO
৩	U+09E9	bengali	2	1	B	BENGALI DIGIT THREE
৪	U+09EA	bengali	2	1	B	BENGALI DIGIT FOUR
৫	U+09EB	bengali	2	1	B	BENGALI DIGIT FIVE
৬	U+09EC	bengali	2	1	B	BENGALI DIGIT SIX
৭	U+09ED	bengali	2	1	B	BENGALI DIGIT SEVEN
৮	U+09EE	bengali	2	1	B	BENGALI DIGIT EIGHT
৯	U+09EF	bengali	2	1	B	BENGALI DIGIT NINE
ৰ	U+09F0	bengali	2	1	B	BENGALI LETTER RA WITH MIDDLE DIAGONAL
ৱ	U+09F1	bengali	2	1	B	BENGALI LETTER RA WITH LOWER DIAGONAL
৷	U+09F7	bengali	2	1	B	BENGALI CURRENCY NUMERATOR FOUR
அ	U+0B85	tamil	2	1	B	TAMIL LETTER A
ஆ	U+0B86	tamil	2	1	B	TAMIL LETTER AA
இ	U+0B87	tamil	2	1	B	TAMIL LETTER I
உ	U+0B89	tamil	2	1	B	TAMIL LETTER U
எ	U+0B8E	tamil	2	1	B	TAMIL LETTER E
ஒ	U+0B92	tamil	2	1	B	TAMIL LETTER O
க	U+0B95	tamil	2	1	B	TAMIL LETTER KA
ங	U+0B99	tamil	2	1	B	TAMIL LETTER NGA
ச	U+0B9A	tamil	2	1	B	TAMIL LETTER CA
ஜ	U+0B9C	tamil	2	1	B	TAMIL LETTER JA
ஞ	U+0B9E	tamil	2	1	B	TAMIL LETTER NYA
ட	U+0B9F	tamil	2	1	B	TAMIL LETTER TTA
ண	U+0BA3	tamil	2	1	B	TAMIL LETTER NNA
த	U+0BA4	tamil	2	1	B	TAMIL LETTER TA
ந	U+0BA8	tamil	2	1	B	TAMIL LETTER NA
ன	U+0BA9	tamil	2	1	B	TAMIL LETTER NNNA
ப	U+0BAA	tamil	2	1	B	TAMIL LETTER PA
ம	U+0BAE	tamil	2	1	B	TAMIL LETTER MA
ய	U+0BAF	tamil	2	1	B	TAMIL LETTER YA
ர	U+0BB0	tamil	2	1	B	TAMIL LETTER RA
ற	U+0BB1	tamil	2	1	B	TAMIL LETTER RRA
ல	U+0BB2	tamil	2	1	B	TAMIL LETTER LA
ள	U+0BB3	tamil	2	1	B	TAMIL LETTER LLA
ழ	U+0BB4	tamil	2	1	B	TAMIL LETTER LLLA
வ	U+0BB5	tamil	2	1	B	TAMIL LETTER VA
ஷ	U+0BB7	tamil	2	1	B	TAMIL LETTER SSA
ஸ	U+0BB8	tamil	2	1	B	TAMIL LETTER SA
ஹ	U+0BB9	tamil	2	1	B	TAMIL LETTER HA
ฆ	U+0E06	thai	2	1	B	THAI CHARACTER KHO RAKHANG
ฉ	U+0E09	thai	2	1	B	THAI CHARACTER CHO CHING
ซ	U+0E0B	thai	2	1	B	THAI CHARACTER SO SO
ญ	U+0E0D	thai	2	1	B	THAI CHARACTER YO YING
ฎ	U+0E0E	thai	2	1	B	THAI CHARACTER DO CHADA
ฏ	U+0E0F	thai	2	1	B	THAI CHARACTER TO PATAK
ฐ	U+0E10	thai	2	1	B	THAI CHARACTER THO THAN
ฑ	U+0E11	thai	2	1	B	THAI CHARACTER THO NANGMONTHO
ธ	U+0E18	thai	2	1	B	THAI CHARACTER THO THONG
ฝ	U+0E1D	thai	2	1	B	THAI CHARACTER FO FA
ฟ	U+0E1F	thai	2	1	B	THAI CHARACTER FO FAN
ภ	U+0E20	thai	2	1	B	THAI CHARACTER PHO SAMPHAO
ฤ	U+0E24	thai	2	1	B	THAI CHARACTER RU
ศ	U+0E28	thai	2	1	B	THAI CHARACTER SO SALA
ษ	U+0E29	thai	2	1	B	THAI CHARACTER SO RUSI
ฬ	U+0E2C	thai	2	1	B	THAI CHARACTER LO CHULA
ฮ	U+0E2E	thai	2	1	B	THAI CHARACTER HO NOKHUK
ฯ	U+0E2F	thai	2	1	B	THAI CHARACTER PAIYANNOI
โ	U+0E42	thai	2	1	B	THAI CHARACTER SARA O
ๆ	U+0E46	thai	2	1	B	THAI CHARACTER MAIYAMOK
๑	U+0E51	thai	2	1	B	THAI DIGIT ONE
๒	U+0E52	thai	2	1	B	THAI DIGIT TWO
ນ	U+0E99	lao	2	1	B	LAO LETTER NO
າ	U+0EB2	lao	2	1	B	LAO VOWEL SIGN AA
་	U+0F0B	tibetan	2	1	B	TIBETAN MARK INTERSYLLABIC TSHEG
ས	U+0F66	tibetan	2	1	B	TIBETAN LETTER SA
က	U+1000	myanmar	2	1	B	MYANMAR LETTER KA
ခ	U+1001	myanmar	2	1	B	MYANMAR LETTER KHA
ဂ	U+1002	myanmar	2	1	B	MYANMAR LETTER GA
င	U+1004	myanmar	2	1	B	MYANMAR LETTER NGA
စ	U+1005	myanmar	2	1	B	MYANMAR LETTER CA
ဆ	U+1006	myanmar	2	1	B	MYANMAR LETTER CHA
ဇ	U+1007	myanmar	2	1	B	MYANMAR LETTER JA
ည	U+100A	myanmar	2	1	B	MYANMAR LETTER NNYA
ဏ	U+100F	myanmar	2	1	B	MYANMAR LETTER NNA
တ	U+1010	myanmar	2	1	B	MYANMAR LETTER TA
ထ	U+1011	myanmar	2	1	B	MYANMAR LETTER THA
ဒ	U+1012	myanmar	2	1	B	MYANMAR LETTER DA
န	U+1014	myanmar	2	1	B	MYANMAR LETTER NA
ပ	U+1015	myanmar	2	1	B	MYANMAR LETTER PA
ဖ	U+1016	myanmar	2	1	B	MYANMAR LETTER PHA
ဗ	U+1017	myanmar	2	1	B	MYANMAR LETTER BA
ဘ	U+1018	myanmar	2	1	B	MYANMAR LETTER BHA
မ	U+1019	myanmar	2	1	B	MYANMAR LETTER MA
ယ	U+101A	myanmar	2	1	B	MYANMAR LETTER YA
ရ	U+101B	myanmar	2	1	B	MYANMAR LETTER RA
လ	U+101C	myanmar	2	1	B	MYANMAR LETTER LA
ဝ	U+101D	myanmar	2	1	B	MYANMAR LETTER WA
သ	U+101E	myanmar	2	1	B	MYANMAR LETTER SA
ဟ	U+101F	myanmar	2	1	B	MYANMAR LETTER HA
အ	U+1021	myanmar	2	1	B	MYANMAR LETTER A
ဥ	U+1025	myanmar	2	1	B	MYANMAR LETTER U
၀	U+1040	myanmar	3	1	B	MYANMAR DIGIT ZERO
၁	U+1041	myanmar	3	1	B	MYANMAR DIGIT ONE
၂	U+1042	myanmar	3	1	B	MYANMAR DIGIT TWO
၃	U+1043	myanmar	3	1	B	MYANMAR DIGIT THREE
၄	U+1044	myanmar	3	1	B	MYANMAR DIGIT FOUR
၅	U+1045	myanmar	3	1	B	MYANMAR DIGIT FIVE
၆	U+1046	myanmar	3	1	B	MYANMAR DIGIT SIX
၇	U+1047	myanmar	3	1	B	MYANMAR DIGIT SEVEN
၈	U+1048	myanmar	3	1	B	MYANMAR DIGIT EIGHT
၉	U+1049	myanmar	3	1	B	MYANMAR DIGIT NINE
၊	U+104A	myanmar	3	1	B	MYANMAR SIGN LITTLE SECTION
။	U+104B	myanmar	3	1	B	MYANMAR SIGN SECTION
၍	U+104D	myanmar	3	1	B	MYANMAR SYMBOL COMPLETED
၏	U+104F	myanmar	3	1	B	MYANMAR SYMBOL GENITIVE
ၚ	U+105A	myanmar	3	1	B	MYANMAR LETTER MON NGA
ၾ	U+107E	myanmar	3	1	B	MYANMAR LETTER SHAN FA
ၿ	U+107F	myanmar	3	1	B	MYANMAR LETTER SHAN BA
ႀ	U+1080	myanmar	3	1	B	MYANMAR LETTER SHAN THA
႐	U+1090	myanmar	3	1	B	MYANMAR SHAN DIGIT ZERO
႔	U+1094	myanmar	3	1	B	MYANMAR SHAN DIGIT FOUR
႕	U+1095	myanmar	3	1	B	MYANMAR SHAN DIGIT FIVE
ぁ	U+3041	hiragana	2	1	B	HIRAGANA LETTER SMALL A
ぇ	U+3047	hiragana	2	1	B	HIRAGANA LETTER SMALL E
ぎ	U+304E	hiragana	2	1	B	HIRAGANA LETTER GI
ぐ	U+3050	hiragana	2	1	B	HIRAGANA LETTER GU
げ	U+3052	hiragana	2	1	B	HIRAGANA LETTER GE
ず	U+305A	hiragana	2	1	B	HIRAGANA LETTER ZU
ぜ	U+305C	hiragana	2	1	B	HIRAGANA LETTER ZE
ぞ	U+305E	hiragana	2	1	B	HIRAGANA LETTER ZO
づ	U+3065	hiragana	2	1	B	HIRAGANA LETTER DU
ね	U+306D	hiragana	2	1	B	HIRAGANA LETTER NE
ぱ	U+3071	hiragana	2	1	B	HIRAGANA LETTER PA
ひ	U+3072	hiragana	2	1	B	HIRAGANA LETTER HI
び	U+3073	hiragana	2	1	B	HIRAGANA LETTER BI
ふ	U+3075	hiragana	2	1	B	HIRAGANA LETTER HU
ぶ	U+3076	hiragana	2	1	B	HIRAGANA LETTER BU
ぷ	U+3077	hiragana	2	1	B	HIRAGANA LETTER PU
へ	U+3078	hiragana	2	1	B	HIRAGANA LETTER HE
べ	U+3079	hiragana	2	1	B	HIRAGANA LETTER BE
ほ	U+307B	hiragana	2	1	B	HIRAGANA LETTER HO
ぼ	U+307C	hiragana	2	1	B	HIRAGANA LETTER BO
ぽ	U+307D	hiragana	2	1	B	HIRAGANA LETTER PO
む	U+3080	hiragana	2	1	B	HIRAGANA LETTER MU
ゃ	U+3083	hiragana	2	1	B	HIRAGANA LETTER SMALL YA
ゅ	U+3085	hiragana	2	1	B	HIRAGANA LETTER SMALL YU
ゆ	U+3086	hiragana	2	1	B	HIRAGANA LETTER YU
ょ	U+3087	hiragana	2	1	B	HIRAGANA LETTER SMALL YO
ァ	U+30A1	katakana	2	1	B	KATAKANA LETTER SMALL A
ォ	U+30A9	katakana	2	1	B	KATAKANA LETTER SMALL O
ガ	U+30AC	katakana	2	1	B	KATAKANA LETTER GA
ギ	U+30AE	katakana	2	1	B	KATAKANA LETTER GI
ケ	U+30B1	katakana	2	1	B	KATAKANA LETTER KE
ゲ	U+30B2	katakana	2	1	B	KATAKANA LETTER GE
ゴ	U+30B4	katakana	2	1	B	KATAKANA LETTER GO
ザ	U+30B6	katakana	2	1	B	KATAKANA LETTER ZA
ゼ	U+30BC	katakana	2	1	B	KATAKANA LETTER ZE
ソ	U+30BD	katakana	2	1	B	KATAKANA LETTER SO
ゾ	U+30BE	katakana	2	1	B	KATAKANA LETTER ZO
ツ	U+30C4	katakana	2	1	B	KATAKANA LETTER TU
ネ	U+30CD	katakana	2	1	B	KATAKANA LETTER NE
ノ	U+30CE	katakana	2	1	B	KATAKANA LETTER NO
ハ	U+30CF	katakana	2	1	B	KATAKANA LETTER HA
ヒ	U+30D2	katakana	2	1	B	KATAKANA LETTER HI
ヘ	U+30D8	katakana	2	1	B	KATAKANA LETTER HE
ベ	U+30D9	katakana	2	1	B	KATAKANA LETTER BE
ホ	U+30DB	katakana	2	1	B	KATAKANA LETTER HO
ボ	U+30DC	katakana	2	1	B	KATAKANA LETTER BO
ミ	U+30DF	katakana	2	1	B	KATAKANA LETTER MI
モ	U+30E2	katakana	2	1	B	KATAKANA LETTER MO
ヤ	U+30E4	katakana	2	1	B	KATAKANA LETTER YA
ユ	U+30E6	katakana	2	1	B	KATAKANA LETTER YU
ヨ	U+30E8	katakana	2	1	B	KATAKANA LETTER YO
ワ	U+30EF	katakana	2	1	B	KATAKANA LETTER WA
ヴ	U+30F4	katakana	2	1	B	KATAKANA LETTER VU
ヶ	U+30F6	katakana	2	1	B	KATAKANA LETTER SMALL KE
ㅇ	U+3147	hangul_jamo	2	1	B	HANGUL LETTER IEUNG
ㅋ	U+314B	hangul_jamo	2	1	B	HANGUL LETTER KHIEUKH
ㅎ	U+314E	hangul_jamo	2	1	B	HANGUL LETTER HIEUH
ㅠ	U+3160	hangul_jamo	2	1	B	HANGUL LETTER YU
ㅡ	U+3161	hangul_jamo	2	1	B	HANGUL LETTER EU
ㆍ	U+318D	hangul_jamo	3	1	B	HANGUL LETTER ARAEA
丁	U+4E01	cjk_unified	2	1	B	CJK UNIFIED IDEOGRAPH-4E01
七	U+4E03	cjk_unified	2	1	B	CJK UNIFIED IDEOGRAPH-4E03
丈	U+4E08	cjk_unified	2	1	B	CJK UNIFIED IDEOGRAPH-4E08
且	U+4E14	cjk_unified	2	1	B	CJK UNIFIED IDEOGRAPH-4E14
世	U+4E16	cjk_unified	2	1	B	CJK UNIFIED IDEOGRAPH-4E16
丘	U+4E18	cjk_unified	2	1	B	CJK UNIFIED IDEOGRAPH-4E18
丝	U+4E1D	cjk_unified	2	1	B	CJK UNIFIED IDEOGRAPH-4E1D
严	U+4E25	cjk_unified	2	1	B	CJK UNIFIED IDEOGRAPH-4E25
並	U+4E26	cjk_unified	2	1	B	CJK UNIFIED IDEOGRAPH-4E26
丨	U+4E28	cjk_unified	2	1	B	CJK UNIFIED IDEOGRAPH-4E28
丰	U+4E30	cjk_unified	2	1	B	CJK UNIFIED IDEOGRAPH-4E30
临	U+4E34	cjk_unified	2	1	B	CJK UNIFIED IDEOGRAPH-4E34
丶	U+4E36	cjk_unified	2	1	B	CJK UNIFIED IDEOGRAPH-4E36
丸	U+4E38	cjk_unified	2	1	B	CJK UNIFIED IDEOGRAPH-4E38
丹	U+4E39	cjk_unified	2	1	B	CJK UNIFIED IDEOGRAPH-4E39
丽	U+4E3D	cjk_unified	2	1	B	CJK UNIFIED IDEOGRAPH-4E3D
举	U+4E3E	cjk_unified	2	1	B	CJK UNIFIED IDEOGRAPH-4E3E
乃	U+4E43	cjk_unified	2	1	B	CJK UNIFIED IDEOGRAPH-4E43
久	U+4E45	cjk_unified	2	1	B	CJK UNIFIED IDEOGRAPH-4E45
乌	U+4E4C	cjk_unified	2	1	B	CJK UNIFIED IDEOGRAPH-4E4C
乎	U+4E4E	cjk_unified	2	1	B	CJK UNIFIED IDEOGRAPH-4E4E
乐	U+4E50	cjk_unified	2	1	B	CJK UNIFIED IDEOGRAPH-4E50
乔	U+4E54	cjk_unified	2	1	B	CJK UNIFIED IDEOGRAPH-4E54
乗	U+4E57	cjk_unified	2	1	B	CJK UNIFIED IDEOGRAPH-4E57
乘	U+4E58	cjk_unified	2	1	B	CJK UNIFIED IDEOGRAPH-4E58
乙	U+4E59	cjk_unified	2	1	B	CJK UNIFIED IDEOGRAPH-4E59
九	U+4E5D	cjk_unified	2	1	B	CJK UNIFIED IDEOGRAPH-4E5D
习	U+4E60	cjk_unified	2	1	B	CJK UNIFIED IDEOGRAPH-4E60
乡	U+4E61	cjk_unified	2	1	B	CJK UNIFIED IDEOGRAPH-4E61
买	U+4E70	cjk_unified	2	1	B	CJK UNIFIED IDEOGRAPH-4E70
乱	U+4E71	cjk_unified	2	1	B	CJK UNIFIED IDEOGRAPH-4E71
乳	U+4E73	cjk_unified	2	1	B	CJK UNIFIED IDEOGRAPH-4E73
乾	U+4E7E	cjk_unified	2	1	B	CJK UNIFIED IDEOGRAPH-4E7E
亂	U+4E82	cjk_unified	2	1	B	CJK UNIFIED IDEOGRAPH-4E82
予	U+4E88	cjk_unified	2	1	B	CJK UNIFIED IDEOGRAPH-4E88
争	U+4E89	cjk_unified	2	1	B	CJK UNIFIED IDEOGRAPH-4E89
亏	U+4E8F	cjk_unified	2	1	B	CJK UNIFIED IDEOGRAPH-4E8F
云	U+4E91	cjk_unified	2	1	B	CJK UNIFIED IDEOGRAPH-4E91
互	U+4E92	cjk_unified	2	1	B	CJK UNIFIED IDEOGRAPH-4E92
井	U+4E95	cjk_unified	2	1	B	CJK UNIFIED IDEOGRAPH-4E95
亚	U+4E9A	cjk_unified	2	1	B	CJK UNIFIED IDEOGRAPH-4E9A
亞	U+4E9E	cjk_unified	2	1	B	CJK UNIFIED IDEOGRAPH-4E9E
亡	U+4EA1	cjk_unified	2	1	B	CJK UNIFIED IDEOGRAPH-4EA1
亦	U+4EA6	cjk_unified	2	1	B	CJK UNIFIED IDEOGRAPH-4EA6
亩	U+4EA9	cjk_unified	2	1	B	CJK UNIFIED IDEOGRAPH-4EA9
亭	U+4EAD	cjk_unified	2	1	B	CJK UNIFIED IDEOGRAPH-4EAD
亮	U+4EAE	cjk_unified	2	1	B	CJK UNIFIED IDEOGRAPH-4EAE
亲	U+4EB2	cjk_unified	2	1	B	CJK UNIFIED IDEOGRAPH-4EB2
什	U+4EC0	cjk_unified	2	1	B	CJK UNIFIED IDEOGRAPH-4EC0
仁	U+4EC1	cjk_unified	2	1	B	CJK UNIFIED IDEOGRAPH-4EC1
仅	U+4EC5	cjk_unified	2	1	B	CJK UNIFIED IDEOGRAPH-4EC5
仍	U+4ECD	cjk_unified	2	1	B	CJK UNIFIED IDEOGRAPH-4ECD
仓	U+4ED3	cjk_unified	2	1	B	CJK UNIFIED IDEOGRAPH-4ED3
仔	U+4ED4	cjk_unified	2	1	B	CJK UNIFIED IDEOGRAPH-4ED4
仕	U+4ED5	cjk_unified	2	1	B	CJK UNIFIED IDEOGRAPH-4ED5
仙	U+4ED9	cjk_unified	2	1	B	CJK UNIFIED IDEOGRAPH-4ED9
令	U+4EE4	cjk_unified	2	1	B	CJK UNIFIED IDEOGRAPH-4EE4
仪	U+4EEA	cjk_unified	2	1	B	CJK UNIFIED IDEOGRAPH-4EEA
仲	U+4EF2	cjk_unified	2	1	B	CJK UNIFIED IDEOGRAPH-4EF2
伊	U+4F0A	cjk_unified	2	1	B	CJK UNIFIED IDEOGRAPH-4F0A
伍	U+4F0D	cjk_unified	2	1	B	CJK UNIFIED IDEOGRAPH-4F0D
伏	U+4F0F	cjk_unified	2	1	B	CJK UNIFIED IDEOGRAPH-4F0F
休	U+4F11	cjk_unified	2	1	B	CJK UNIFIED IDEOGRAPH-4F11
众	U+4F17	cjk_unified	2	1	B	CJK UNIFIED IDEOGRAPH-4F17
伙	U+4F19	cjk_unified	2	1	B	CJK UNIFIED IDEOGRAPH-4F19
伝	U+4F1D	cjk_unified	2	1	B	CJK UNIFIED IDEOGRAPH-4F1D
伟	U+4F1F	cjk_unified	2	1	B	CJK UNIFIED IDEOGRAPH-4F1F
伤	U+4F24	cjk_unified	2	1	B	CJK UNIFIED IDEOGRAPH-4F24
伦	U+4F26	cjk_unified	2	1	B	CJK UNIFIED IDEOGRAPH-4F26
伯	U+4F2F	cjk_unified	2	1	B	CJK UNIFIED IDEOGRAPH-4F2F
估	U+4F30	cjk_unified	2	1	B	CJK UNIFIED IDEOGRAPH-4F30
伴	U+4F34	cjk_unified	2	1	B	CJK UNIFIED IDEOGRAPH-4F34
伸	U+4F38	cjk_unified	2	1	B	CJK UNIFIED IDEOGRAPH-4F38
似	U+4F3C	cjk_unified	2	1	B	CJK UNIFIED IDEOGRAPH-4F3C
低	U+4F4E	cjk_unified	2	1	B	CJK UNIFIED IDEOGRAPH-4F4E
住	U+4F4F	cjk_unified	2	1	B	CJK UNIFIED IDEOGRAPH-4F4F
佐	U+4F50	cjk_unified	2	1	B	CJK UNIFIED IDEOGRAPH-4F50
佛	U+4F5B	cjk_unified	2	1	B	CJK UNIFIED IDEOGRAPH-4F5B
佣	U+4F63	cjk_unified	2	1	B	CJK UNIFIED IDEOGRAPH-4F63
佩	U+4F69	cjk_unified	2	1	B	CJK UNIFIED IDEOGRAPH-4F69
佳	U+4F73	cjk_unified	2	1	B	CJK UNIFIED IDEOGRAPH-4F73
來	U+4F86	cjk_unified	2	1	B	CJK UNIFIED IDEOGRAPH-4F86
依	U+4F9D	cjk_unified	2	1	B	CJK UNIFIED IDEOGRAPH-4F9D
侠	U+4FA0	cjk_unified	2	1	B	CJK UNIFIED IDEOGRAPH-4FA0
侣	U+4FA3	cjk_unified	2	1	B	CJK UNIFIED IDEOGRAPH-4FA3
侧	U+4FA7	cjk_unified	2	1	B	CJK UNIFIED IDEOGRAPH-4FA7
侯	U+4FAF	cjk_unified	2	1	B	CJK UNIFIED IDEOGRAPH-4FAF
侵	U+4FB5	cjk_unified	2	1	B	CJK UNIFIED IDEOGRAPH-4FB5
便	U+4FBF	cjk_unified	2	1	B	CJK UNIFIED IDEOGRAPH-4FBF
係	U+4FC2	cjk_unified	2	1	B	CJK UNIFIED IDEOGRAPH-4FC2
促	U+4FC3	cjk_unified	2	1	B	CJK UNIFIED IDEOGRAPH-4FC3
俄	U+4FC4	cjk_unified	2	1	B	CJK UNIFIED IDEOGRAPH-4FC4
俊	U+4FCA	cjk_unified	2	1	B	CJK UNIFIED IDEOGRAPH-4FCA
俗	U+4FD7	cjk_unified	2	1	B	CJK UNIFIED IDEOGRAPH-4FD7
俱	U+4FF1	cjk_unified	2	1	B	CJK UNIFIED IDEOGRAPH-4FF1
俺	U+4FFA	cjk_unified	2	1	B	CJK UNIFIED IDEOGRAPH-4FFA
個	U+500B	cjk_unified	2	1	B	CJK UNIFIED IDEOGRAPH-500B
們	U+5011	cjk_unified	2	1	B	CJK UNIFIED IDEOGRAPH-5011
倒	U+5012	cjk_unified	2	1	B	CJK UNIFIED IDEOGRAPH-5012
候	U+5019	cjk_unified	2	1	B	CJK UNIFIED IDEOGRAPH-5019
借	U+501F	cjk_unified	2	1	B	CJK UNIFIED IDEOGRAPH-501F
倡	U+5021	cjk_unified	2	1	B	CJK UNIFIED IDEOGRAPH-5021
値	U+5024	cjk_unified	2	1	B	CJK UNIFIED IDEOGRAPH-5024
倫	U+502B	cjk_unified	2	1	B	CJK UNIFIED IDEOGRAPH-502B
债	U+503A	cjk_unified	2	1	B	CJK UNIFIED IDEOGRAPH-503A
倾	U+503E	cjk_unified	2	1	B	CJK UNIFIED IDEOGRAPH-503E
假	U+5047	cjk_unified	2	1	B	CJK UNIFIED IDEOGRAPH-5047
偏	U+504F	cjk_unified	2	1	B	CJK UNIFIED IDEOGRAPH-504F
做	U+505A	cjk_unified	2	1	B	CJK UNIFIED IDEOGRAPH-505A
健	U+5065	cjk_unified	2	1	B	CJK UNIFIED IDEOGRAPH-5065
側	U+5074	cjk_unified	2	1	B	CJK UNIFIED IDEOGRAPH-5074
偶	U+5076	cjk_unified	2	1	B	CJK UNIFIED IDEOGRAPH-5076
偷	U+5077	cjk_unified	2	1	B	CJK UNIFIED IDEOGRAPH-5077
偿	U+507F	cjk_unified	2	1	B	CJK UNIFIED IDEOGRAPH-507F
傅	U+5085	cjk_unified	3	1	B	CJK UNIFIED IDEOGRAPH-5085
備	U+5099	cjk_unified	3	1	B	CJK UNIFIED IDEOGRAPH-5099
储	U+50A8	cjk_unified	2	1	B	CJK UNIFIED IDEOGRAPH-50A8
催	U+50AC	cjk_unified	2	1	B	CJK UNIFIED IDEOGRAPH-50AC
傳	U+50B3	cjk_unified	3	1	B	CJK UNIFIED IDEOGRAPH-50B3
傷	U+50B7	cjk_unified	3	1	B	CJK UNIFIED IDEOGRAPH-50B7
働	U+50CD	cjk_unified	2	1	B	CJK UNIFIED IDEOGRAPH-50CD
僕	U+50D5	cjk_unified	2	1	B	CJK UNIFIED IDEOGRAPH-50D5
價	U+50F9	cjk_unified	2	1	B	CJK UNIFIED IDEOGRAPH-50F9
億	U+5104	cjk_unified	3	1	B	CJK UNIFIED IDEOGRAPH-5104
優	U+512A	cjk_unified	3	1	B	CJK UNIFIED IDEOGRAPH-512A
儿	U+513F	cjk_unified	3	1	B	CJK UNIFIED IDEOGRAPH-513F
允	U+5141	cjk_unified	2	1	B	CJK UNIFIED IDEOGRAPH-5141
兄	U+5144	cjk_unified	2	1	B	CJK UNIFIED IDEOGRAPH-5144
充	U+5145	cjk_unified	2	1	B	CJK UNIFIED IDEOGRAPH-5145
兆	U+5146	cjk_unified	2	1	B	CJK UNIFIED IDEOGRAPH-5146
光	U+5149	cjk_unified	2	1	B	CJK UNIFIED IDEOGRAPH-5149
克	U+514B	cjk_unified	2	1	B	CJK UNIFIED IDEOGRAPH-514B
免	U+514D	cjk_unified	2	1	B	CJK UNIFIED IDEOGRAPH-514D
児	U+5150	cjk_unified	2	1	B	CJK UNIFIED IDEOGRAPH-5150
兑	U+5151	cjk_unified	2	1	B	CJK UNIFIED IDEOGRAPH-5151
兒	U+5152	cjk_unified	2	1	B	CJK UNIFIED IDEOGRAPH-5152
兔	U+5154	cjk_unified	2	1	B	CJK UNIFIED IDEOGRAPH-5154
党	U+515A	cjk_unified	2	1	B	CJK UNIFIED IDEOGRAPH-515A
內	U+5167	cjk_unified	2	1	B	CJK UNIFIED IDEOGRAPH-5167
兩	U+5169	cjk_unified	2	1	B	CJK UNIFIED IDEOGRAPH-5169
八	U+516B	cjk_unified	2	1	B	CJK UNIFIED IDEOGRAPH-516B
六	U+516D	cjk_unified	2	1	B	CJK UNIFIED IDEOGRAPH-516D
兰	U+5170	cjk_unified	2	1	B	CJK UNIFIED IDEOGRAPH-5170
兴	U+5174	cjk_unified	2	1	B	CJK UNIFIED IDEOGRAPH-5174
兵	U+5175	cjk_unified	2	1	B	CJK UNIFIED IDEOGRAPH-5175
典	U+5178	cjk_unified	2	1	B	CJK UNIFIED IDEOGRAPH-5178
养	U+517B	cjk_unified	2	1	B	CJK UNIFIED IDEOGRAPH-517B
兼	U+517C	cjk_unified	2	1	B	CJK UNIFIED IDEOGRAPH-517C
兽	U+517D	cjk_unified	2	1	B	CJK UNIFIED IDEOGRAPH-517D
冈	U+5188	cjk_unified	2	1	B	CJK UNIFIED IDEOGRAPH-5188
冊	U+518A	cjk_unified	2	1	B	CJK UNIFIED IDEOGRAPH-518A
冒	U+5192	cjk_unified	2	1	B	CJK UNIFIED IDEOGRAPH-5192
军	U+519B	cjk_unified	2	1	B	CJK UNIFIED IDEOGRAPH-519B
农	U+519C	cjk_unified	2	1	B	CJK UNIFIED IDEOGRAPH-519C
冠	U+51A0	cjk_unified	2	1	B	CJK UNIFIED IDEOGRAPH-51A0
冬	U+51AC	cjk_unified	2	1	B	CJK UNIFIED IDEOGRAPH-51AC
冰	U+51B0	cjk_unified	2	1	B	CJK UNIFIED IDEOGRAPH-51B0
冲	U+51B2	cjk_unified	2	1	B	CJK UNIFIED IDEOGRAPH-51B2
决	U+51B3	cjk_unified	2	1	B	CJK UNIFIED IDEOGRAPH-51B3
况	U+51B5	cjk_unified	2	1	B	CJK UNIFIED IDEOGRAPH-51B5
冷	U+51B7	cjk_unified	2	1	B	CJK UNIFIED IDEOGRAPH-51B7
冻	U+51BB	cjk_unified	2	1	B	CJK UNIFIED IDEOGRAPH-51BB
净	U+51C0	cjk_unified	2	1	B	CJK UNIFIED IDEOGRAPH-51C0
准	U+51C6	cjk_unified	2	1	B	CJK UNIFIED IDEOGRAPH-51C6
凉	U+51C9	cjk_unified	2	1	B	CJK UNIFIED IDEOGRAPH-51C9
凌	U+51CC	cjk_unified	2	1	B	CJK UNIFIED IDEOGRAPH-51CC
减	U+51CF	cjk_unified	2	1	B	CJK UNIFIED IDEOGRAPH-51CF
凝	U+51DD	cjk_unified	2	1	B	CJK UNIFIED IDEOGRAPH-51DD
几	U+51E0	cjk_unified	2	1	B	CJK UNIFIED IDEOGRAPH-51E0
凡	U+51E1	cjk_unified	2	1	B	CJK UNIFIED IDEOGRAPH-51E1
凤	U+51E4	cjk_unified	2	1	B	CJK UNIFIED IDEOGRAPH-51E4
処	U+51E6	cjk_unified	2	1	B	CJK UNIFIED IDEOGRAPH-51E6
凭	U+51ED	cjk_unified	2	1	B	CJK UNIFIED IDEOGRAPH-51ED
凯	U+51EF	cjk_unified	2	1	B	CJK UNIFIED IDEOGRAPH-51EF
凰	U+51F0	cjk_unified	2	1	B	CJK UNIFIED IDEOGRAPH-51F0
凸	U+51F8	cjk_unified	2	1	B	CJK UNIFIED IDEOGRAPH-51F8
函	U+51FD	cjk_unified	2	1	B	CJK UNIFIED IDEOGRAPH-51FD
刀	U+5200	cjk_unified	2	1	B	CJK UNIFIED IDEOGRAPH-5200
切	U+5207	cjk_unified	2	1	B	CJK UNIFIED IDEOGRAPH-5207
刊	U+520A	cjk_unified	2	1	B	CJK UNIFIED IDEOGRAPH-520A
刑	U+5211	cjk_unified	2	1	B	CJK UNIFIED IDEOGRAPH-5211
划	U+5212	cjk_unified	2	1	B	CJK UNIFIED IDEOGRAPH-5212
刘	U+5218	cjk_unified	2	1	B	CJK UNIFIED IDEOGRAPH-5218
刚	U+521A	cjk_unified	2	1	B	CJK UNIFIED IDEOGRAPH-521A
创	U+521B	cjk_unified	2	1	B	CJK UNIFIED IDEOGRAPH-521B
删	U+5220	cjk_unified	2	1	B	CJK UNIFIED IDEOGRAPH-5220
判	U+5224	cjk_unified	2	1	B	CJK UNIFIED IDEOGRAPH-5224
別	U+5225	cjk_unified	2	1	B	CJK UNIFIED IDEOGRAPH-5225
刷	U+5237	cjk_unified	2	1	B	CJK UNIFIED IDEOGRAPH-5237
券	U+5238	cjk_unified	2	1	B	CJK UNIFIED IDEOGRAPH-5238
刺	U+523A	cjk_unified	2	1	B	CJK UNIFIED IDEOGRAPH-523A
刻	U+523B	cjk_unified	2	1	B	CJK UNIFIED IDEOGRAPH-523B
剂	U+5242	cjk_unified	2	1	B	CJK UNIFIED IDEOGRAPH-5242
則	U+5247	cjk_unified	2	1	B	CJK UNIFIED IDEOGRAPH-5247
削	U+524A	cjk_unified	2	1	B	CJK UNIFIED IDEOGRAPH-524A
剑	U+5251	cjk_unified	2	1	B	CJK UNIFIED IDEOGRAPH-5251
剤	U+5264	cjk_unified	2	1	B	CJK UNIFIED IDEOGRAPH-5264
剧	U+5267	cjk_unified	2	1	B	CJK UNIFIED IDEOGRAPH-5267
剩	U+5269	cjk_unified	2	1	B	CJK UNIFIED IDEOGRAPH-5269
剪	U+526A	cjk_unified	2	1	B	CJK UNIFIED IDEOGRAPH-526A
副	U+526F	cjk_unified	2	1	B	CJK UNIFIED IDEOGRAPH-526F
割	U+5272	cjk_unified	2	1	B	CJK UNIFIED IDEOGRAPH-5272
創	U+5275	cjk_unified	2	1	B	CJK UNIFIED IDEOGRAPH-5275
劇	U+5287	cjk_unified	2	1	B	CJK UNIFIED IDEOGRAPH-5287
办	U+529E	cjk_unified	2	1	B	CJK UNIFIED IDEOGRAPH-529E
助	U+52A9	cjk_unified	2	1	B	CJK UNIFIED IDEOGRAPH-52A9
努	U+52AA	cjk_unified	2	1	B	CJK UNIFIED IDEOGRAPH-52AA
励	U+52B1	cjk_unified	2	1	B	CJK UNIFIED IDEOGRAPH-52B1
劲	U+52B2	cjk_unified	2	1	B	CJK UNIFIED IDEOGRAPH-52B2
劳	U+52B3	cjk_unified	2	1	B	CJK UNIFIED IDEOGRAPH-52B3
効	U+52B9	cjk_unified	2	1	B	CJK UNIFIED IDEOGRAPH-52B9
势	U+52BF	cjk_unified	2	1	B	CJK UNIFIED IDEOGRAPH-52BF
勇	U+52C7	cjk_unified	2	1	B	CJK UNIFIED IDEOGRAPH-52C7
勒	U+52D2	cjk_unified	2	1	B	CJK UNIFIED IDEOGRAPH-52D2
務	U+52D9	cjk_unified	2	1	B	CJK UNIFIED IDEOGRAPH-52D9
勝	U+52DD	cjk_unified	2	1	B	CJK UNIFIED IDEOGRAPH-52DD
募	U+52DF	cjk_unified	2	1	B	CJK UNIFIED IDEOGRAPH-52DF
勢	U+52E2	cjk_unified	2	1	B	CJK UNIFIED IDEOGRAPH-52E2
勤	U+52E4	cjk_unified	2	1	B	CJK UNIFIED IDEOGRAPH-52E4
勿	U+52FF	cjk_unified	2	1	B	CJK UNIFIED IDEOGRAPH-52FF
匙	U+5319	cjk_unified	2	1	B	CJK UNIFIED IDEOGRAPH-5319
匹	U+5339	cjk_unified	2	1	B	CJK UNIFIED IDEOGRAPH-5339
医	U+533B	cjk_unified	2	1	B	CJK UNIFIED IDEOGRAPH-533B
區	U+5340	cjk_unified	2	1	B	CJK UNIFIED IDEOGRAPH-5340
千	U+5343	cjk_unified	2	1	B	CJK UNIFIED IDEOGRAPH-5343
升	U+5347	cjk_unified	2	1	B	CJK UNIFIED IDEOGRAPH-5347
半	U+534A	cjk_unified	2	1	B	CJK UNIFIED IDEOGRAPH-534A
协	U+534F	cjk_unified	2	1	B	CJK UNIFIED IDEOGRAPH-534F
卒	U+5352	cjk_unified	2	1	B	CJK UNIFIED IDEOGRAPH-5352
卓	U+5353	cjk_unified	2	1	B	CJK UNIFIED IDEOGRAPH-5353
協	U+5354	cjk_unified	2	1	B	CJK UNIFIED IDEOGRAPH-5354
卖	U+5356	cjk_unified	2	1	B	CJK UNIFIED IDEOGRAPH-5356
単	U+5358	cjk_unified	2	1	B	CJK UNIFIED IDEOGRAPH-5358
博	U+535A	cjk_unified	2	1	B	CJK UNIFIED IDEOGRAPH-535A
占	U+5360	cjk_unified	2	1	B	CJK UNIFIED IDEOGRAPH-5360
卡	U+5361	cjk_unified	2	1	B	CJK UNIFIED IDEOGRAPH-5361
卢	U+5362	cjk_unified	2	1	B	CJK UNIFIED IDEOGRAPH-5362
卧	U+5367	cjk_unified	2	1	B	CJK UNIFIED IDEOGRAPH-5367
卫	U+536B	cjk_unified	2	1	B	CJK UNIFIED IDEOGRAPH-536B
印	U+5370	cjk_unified	2	1	B	CJK UNIFIED IDEOGRAPH-5370
危	U+5371	cjk_unified	2	1	B	CJK UNIFIED IDEOGRAPH-5371
却	U+5374	cjk_unified	2	1	B	CJK UNIFIED IDEOGRAPH-5374
卷	U+5377	cjk_unified	2	1	B	CJK UNIFIED IDEOGRAPH-5377
卸	U+5378	cjk_unified	2	1	B	CJK UNIFIED IDEOGRAPH-5378
厂	U+5382	cjk_unified	2	1	B	CJK UNIFIED IDEOGRAPH-5382
厅	U+5385	cjk_unified	2	1	B	CJK UNIFIED IDEOGRAPH-5385
厉	U+5389	cjk_unified	2	1	B	CJK UNIFIED IDEOGRAPH-5389
压	U+538B	cjk_unified	2	1	B	CJK UNIFIED IDEOGRAPH-538B
厕	U+5395	cjk_unified	2	1	B	CJK UNIFIED IDEOGRAPH-5395
厘	U+5398	cjk_unified	2	1	B	CJK UNIFIED IDEOGRAPH-5398
厚	U+539A	cjk_unified	2	1	B	CJK UNIFIED IDEOGRAPH-539A
厦	U+53A6	cjk_unified	2	1	B	CJK UNIFIED IDEOGRAPH-53A6
厨	U+53A8	cjk_unified	2	1	B	CJK UNIFIED IDEOGRAPH-53A8
參	U+53C3	cjk_unified	2	1	B	CJK UNIFIED IDEOGRAPH-53C3
又	U+53C8	cjk_unified	2	1	B	CJK UNIFIED IDEOGRAPH-53C8
叉	U+53C9	cjk_unified	2	1	B	CJK UNIFIED IDEOGRAPH-53C9
双	U+53CC	cjk_unified	2	1	B	CJK UNIFIED IDEOGRAPH-53CC
収	U+53CE	cjk_unified	2	1	B	CJK UNIFIED IDEOGRAPH-53CE
叔	U+53D4	cjk_unified	2	1	B	CJK UNIFIED IDEOGRAPH-53D4
受	U+53D7	cjk_unified	2	1	B	CJK UNIFIED IDEOGRAPH-53D7
古	U+53E4	cjk_unified	2	1	B	CJK UNIFIED IDEOGRAPH-53E4
句	U+53E5	cjk_unified	2	1	B	CJK UNIFIED IDEOGRAPH-53E5
另	U+53E6	cjk_unified	2	1	B	CJK UNIFIED IDEOGRAPH-53E6
叫	U+53EB	cjk_unified	2	1	B	CJK UNIFIED IDEOGRAPH-53EB
召	U+53EC	cjk_unified	2	1	B	CJK UNIFIED IDEOGRAPH-53EC
史	U+53F2	cjk_unified	2	1	B	CJK UNIFIED IDEOGRAPH-53F2
叶	U+53F6	cjk_unified	2	1	B	CJK UNIFIED IDEOGRAPH-53F6
吃	U+5403	cjk_unified	2	1	B	CJK UNIFIED IDEOGRAPH-5403
各	U+5404	cjk_unified	2	1	B	CJK UNIFIED IDEOGRAPH-5404
吉	U+5409	cjk_unified	2	1	B	CJK UNIFIED IDEOGRAPH-5409
吊	U+540A	cjk_unified	2	1	B	CJK UNIFIED IDEOGRAPH-540A
吐	U+5410	cjk_unified	2	1	B	CJK UNIFIED IDEOGRAPH-5410
吕	U+5415	cjk_unified	2	1	B	CJK UNIFIED IDEOGRAPH-5415
吗	U+5417	cjk_unified	2	1	B	CJK UNIFIED IDEOGRAPH-5417
君	U+541B	cjk_unified	2	1	B	CJK UNIFIED IDEOGRAPH-541B
吞	U+541E	cjk_unified	2	1	B	CJK UNIFIED IDEOGRAPH-541E
吟	U+541F	cjk_unified	2	1	B	CJK UNIFIED IDEOGRAPH-541F
吧	U+5427	cjk_unified	2	1	B	CJK UNIFIED IDEOGRAPH-5427
吨	U+5428	cjk_unified	2	1	B	CJK UNIFIED IDEOGRAPH-5428
吴	U+5434	cjk_unified	2	1	B	CJK UNIFIED IDEOGRAPH-5434
吸	U+5438	cjk_unified	2	1	B	CJK UNIFIED IDEOGRAPH-5438
吹	U+5439	cjk_unified	2	1	B	CJK UNIFIED IDEOGRAPH-5439
吻	U+543B	cjk_unified	2	1	B	CJK UNIFIED IDEOGRAPH-543B
吾	U+543E	cjk_unified	2	1	B	CJK UNIFIED IDEOGRAPH-543E
呀	U+5440	cjk_unified	2	1	B	CJK UNIFIED IDEOGRAPH-5440
呈	U+5448	cjk_unified	2	1	B	CJK UNIFIED IDEOGRAPH-5448
呢	U+5462	cjk_unified	2	1	B	CJK UNIFIED IDEOGRAPH-5462
味	U+5473	cjk_unified	2	1	B	CJK UNIFIED IDEOGRAPH-5473
呵	U+5475	cjk_unified	2	1	B	CJK UNIFIED IDEOGRAPH-5475
呻	U+547B	cjk_unified	2	1	B	CJK UNIFIED IDEOGRAPH-547B
呼	U+547C	cjk_unified	2	1	B	CJK UNIFIED IDEOGRAPH-547C
咋	U+548B	cjk_unified	3	1	B	CJK UNIFIED IDEOGRAPH-548B
咖	U+5496	cjk_unified	3	1	B	CJK UNIFIED IDEOGRAPH-5496
咨	U+54A8	cjk_unified	3	1	B	CJK UNIFIED IDEOGRAPH-54A8
咪	U+54AA	cjk_unified	3	1	B	CJK UNIFIED IDEOGRAPH-54AA
响	U+54CD	cjk_unified	2	1	B	CJK UNIFIED IDEOGRAPH-54CD
員	U+54E1	cjk_unified	2	1	B	CJK UNIFIED IDEOGRAPH-54E1
哥	U+54E5	cjk_unified	2	1	B	CJK UNIFIED IDEOGRAPH-54E5
哦	U+54E6	cjk_unified	2	1	B	CJK UNIFIED IDEOGRAPH-54E6
哪	U+54EA	cjk_unified	2	1	B	CJK UNIFIED IDEOGRAPH-54EA
哭	U+54ED	cjk_unified	2	1	B	CJK UNIFIED IDEOGRAPH-54ED
哲	U+54F2	cjk_unified	2	1	B	CJK UNIFIED IDEOGRAPH-54F2
唐	U+5510	cjk_unified	2	1	B	CJK UNIFIED IDEOGRAPH-5510
售	U+552E	cjk_unified	2	1	B	CJK UNIFIED IDEOGRAPH-552E
唯	U+552F	cjk_unified	2	1	B	CJK UNIFIED IDEOGRAPH-552F
唱	U+5531	cjk_unified	2	1	B	CJK UNIFIED IDEOGRAPH-5531
啊	U+554A	cjk_unified	2	1	B	CJK UNIFIED IDEOGRAPH-554A
啥	U+5565	cjk_unified	2	1	B	CJK UNIFIED IDEOGRAPH-5565
啦	U+5566	cjk_unified	2	1	B	CJK UNIFIED IDEOGRAPH-5566
啪	U+556A	cjk_unified	2	1	B	CJK UNIFIED IDEOGRAPH-556A
善	U+5584	cjk_unified	2	1	B	CJK UNIFIED IDEOGRAPH-5584
喊	U+558A	cjk_unified	2	1	B	CJK UNIFIED IDEOGRAPH-558A
喘	U+5598	cjk_unified	2	1	B	CJK UNIFIED IDEOGRAPH-5598
喜	U+559C	cjk_unified	2	1	B	CJK UNIFIED IDEOGRAPH-559C
喝	U+559D	cjk_unified	2	1	B	CJK UNIFIED IDEOGRAPH-559D
單	U+55AE	cjk_unified	2	1	B	CJK UNIFIED IDEOGRAPH-55AE
営	U+55B6	cjk_unified	2	1	B	CJK UNIFIED IDEOGRAPH-55B6
喷	U+55B7	cjk_unified	2	1	B	CJK UNIFIED IDEOGRAPH-55B7
嗎	U+55CE	cjk_unified	3	1	B	CJK UNIFIED IDEOGRAPH-55CE
嗯	U+55EF	cjk_unified	3	1	B	CJK UNIFIED IDEOGRAPH-55EF
嘉	U+5609	cjk_unified	3	1	B	CJK UNIFIED IDEOGRAPH-5609
嘎	U+560E	cjk_unified	3	1	B	CJK UNIFIED IDEOGRAPH-560E
嘛	U+561B	cjk_unified	3	1	B	CJK UNIFIED IDEOGRAPH-561B
嘴	U+5634	cjk_unified	3	1	B	CJK UNIFIED IDEOGRAPH-5634
嘿	U+563F	cjk_unified	3	1	B	CJK UNIFIED IDEOGRAPH-563F
噜	U+565C	cjk_unified	3	1	B	CJK UNIFIED IDEOGRAPH-565C
团	U+56E2	cjk_unified	2	1	B	CJK UNIFIED IDEOGRAPH-56E2
団	U+56E3	cjk_unified	2	1	B	CJK UNIFIED IDEOGRAPH-56E3
园	U+56ED	cjk_unified	2	1	B	CJK UNIFIED IDEOGRAPH-56ED
困	U+56F0	cjk_unified	2	1	B	CJK UNIFIED IDEOGRAPH-56F0
囲	U+56F2	cjk_unified	2	1	B	CJK UNIFIED IDEOGRAPH-56F2
図	U+56F3	cjk_unified	2	1	B	CJK UNIFIED IDEOGRAPH-56F3
围	U+56F4	cjk_unified	2	1	B	CJK UNIFIED IDEOGRAPH-56F4
固	U+56FA	cjk_unified	2	1	B	CJK UNIFIED IDEOGRAPH-56FA
圆	U+5706	cjk_unified	2	1	B	CJK UNIFIED IDEOGRAPH-5706
圈	U+5708	cjk_unified	2	1	B	CJK UNIFIED IDEOGRAPH-5708
國	U+570B	cjk_unified	2	1	B	CJK UNIFIED IDEOGRAPH-570B
園	U+5712	cjk_unified	2	1	B	CJK UNIFIED IDEOGRAPH-5712
圖	U+5716	cjk_unified	2	1	B	CJK UNIFIED IDEOGRAPH-5716
團	U+5718	cjk_unified	2	1	B	CJK UNIFIED IDEOGRAPH-5718
圣	U+5723	cjk_unified	2	1	B	CJK UNIFIED IDEOGRAPH-5723
圳	U+5733	cjk_unified	2	1	B	CJK UNIFIED IDEOGRAPH-5733
圾	U+573E	cjk_unified	2	1	B	CJK UNIFIED IDEOGRAPH-573E
坂	U+5742	cjk_unified	2	1	B	CJK UNIFIED IDEOGRAPH-5742
均	U+5747	cjk_unified	2	1	B	CJK UNIFIED IDEOGRAPH-5747
坊	U+574A	cjk_unified	2	1	B	CJK UNIFIED IDEOGRAPH-574A
坏	U+574F	cjk_unified	2	1	B	CJK UNIFIED IDEOGRAPH-574F
坐	U+5750	cjk_unified	2	1	B	CJK UNIFIED IDEOGRAPH-5750
坑	U+5751	cjk_unified	2	1	B	CJK UNIFIED IDEOGRAPH-5751
块	U+5757	cjk_unified	2	1	B	CJK UNIFIED IDEOGRAPH-5757
坚	U+575A	cjk_unified	2	1	B	CJK UNIFIED IDEOGRAPH-575A
坛	U+575B	cjk_unified	2	1	B	CJK UNIFIED IDEOGRAPH-575B
坝	U+575D	cjk_unified	2	1	B	CJK UNIFIED IDEOGRAPH-575D
坡	U+5761	cjk_unified	2	1	B	CJK UNIFIED IDEOGRAPH-5761
坦	U+5766	cjk_unified	2	1	B	CJK UNIFIED IDEOGRAPH-5766
坪	U+576A	cjk_unified	2	1	B	CJK UNIFIED IDEOGRAPH-576A
垃	U+5783	cjk_unified	3	1	B	CJK UNIFIED IDEOGRAPH-5783
埃	U+57C3	cjk_unified	2	1	B	CJK UNIFIED IDEOGRAPH-57C3
埔	U+57D4	cjk_unified	2	1	B	CJK UNIFIED IDEOGRAPH-57D4
域	U+57DF	cjk_unified	2	1	B	CJK UNIFIED IDEOGRAPH-57DF
培	U+57F9	cjk_unified	2	1	B	CJK UNIFIED IDEOGRAPH-57F9
堂	U+5802	cjk_unified	2	1	B	CJK UNIFIED IDEOGRAPH-5802
堡	U+5821	cjk_unified	2	1	B	CJK UNIFIED IDEOGRAPH-5821
堵	U+5835	cjk_unified	2	1	B	CJK UNIFIED IDEOGRAPH-5835
塑	U+5851	cjk_unified	2	1	B	CJK UNIFIED IDEOGRAPH-5851
塔	U+5854	cjk_unified	2	1	B	CJK UNIFIED IDEOGRAPH-5854
塘	U+5858	cjk_unified	2	1	B	CJK UNIFIED IDEOGRAPH-5858
塞	U+585E	cjk_unified	2	1	B	CJK UNIFIED IDEOGRAPH-585E
境	U+5883	cjk_unified	2	1	B	CJK UNIFIED IDEOGRAPH-5883
墓	U+5893	cjk_unified	2	1	B	CJK UNIFIED IDEOGRAPH-5893
増	U+5897	cjk_unified	2	1	B	CJK UNIFIED IDEOGRAPH-5897
墙	U+5899	cjk_unified	2	1	B	CJK UNIFIED IDEOGRAPH-5899
墨	U+58A8	cjk_unified	2	1	B	CJK UNIFIED IDEOGRAPH-58A8
壁	U+58C1	cjk_unified	2	1	B	CJK UNIFIED IDEOGRAPH-58C1
壇	U+58C7	cjk_unified	2	1	B	CJK UNIFIED IDEOGRAPH-58C7
士	U+58EB	cjk_unified	2	1	B	CJK UNIFIED IDEOGRAPH-58EB
壮	U+58EE	cjk_unified	2	1	B	CJK UNIFIED IDEOGRAPH-58EE
売	U+58F2	cjk_unified	2	1	B	CJK UNIFIED IDEOGRAPH-58F2
変	U+5909	cjk_unified	2	1	B	CJK UNIFIED IDEOGRAPH-5909
夏	U+590F	cjk_unified	2	1	B	CJK UNIFIED IDEOGRAPH-590F
夕	U+5915	cjk_unified	2	1	B	CJK UNIFIED IDEOGRAPH-5915
夜	U+591C	cjk_unified	2	1	B	CJK UNIFIED IDEOGRAPH-591C
够	U+591F	cjk_unified	2	1	B	CJK UNIFIED IDEOGRAPH-591F
夢	U+5922	cjk_unified	2	1	B	CJK UNIFIED IDEOGRAPH-5922
太	U+592A	cjk_unified	2	1	B	CJK UNIFIED IDEOGRAPH-592A
夫	U+592B	cjk_unified	2	1	B	CJK UNIFIED IDEOGRAPH-592B
央	U+592E	cjk_unified	2	1	B	CJK UNIFIED IDEOGRAPH-592E
夹	U+5939	cjk_unified	2	1	B	CJK UNIFIED IDEOGRAPH-5939
夺	U+593A	cjk_unified	2	1	B	CJK UNIFIED IDEOGRAPH-593A
奇	U+5947	cjk_unified	2	1	B	CJK UNIFIED IDEOGRAPH-5947
奈	U+5948	cjk_unified	2	1	B	CJK UNIFIED IDEOGRAPH-5948
奉	U+5949	cjk_unified	2	1	B	CJK UNIFIED IDEOGRAPH-5949
奋	U+594B	cjk_unified	2	1	B	CJK UNIFIED IDEOGRAPH-594B
奏	U+594F	cjk_unified	2	1	B	CJK UNIFIED IDEOGRAPH-594F
契	U+5951	cjk_unified	2	1	B	CJK UNIFIED IDEOGRAPH-5951
奔	U+5954	cjk_unified	2	1	B	CJK UNIFIED IDEOGRAPH-5954
奖	U+5956	cjk_unified	2	1	B	CJK UNIFIED IDEOGRAPH-5956
套	U+5957	cjk_unified	2	1	B	CJK UNIFIED IDEOGRAPH-5957
奥	U+5965	cjk_unified	2	1	B	CJK UNIFIED IDEOGRAPH-5965
奴	U+5974	cjk_unified	2	1	B	CJK UNIFIED IDEOGRAPH-5974
奶	U+5976	cjk_unified	2	1	B	CJK UNIFIED IDEOGRAPH-5976
奷	U+5977	cjk_unified	2	1	B	CJK UNIFIED IDEOGRAPH-5977
奸	U+5978	cjk_unified	2	1	B	CJK UNIFIED IDEOGRAPH-5978
她	U+5979	cjk_unified	2	1	B	CJK UNIFIED IDEOGRAPH-5979
妇	U+5987	cjk_unified	3	1	B	CJK UNIFIED IDEOGRAPH-5987
妈	U+5988	cjk_unified	3	1	B	CJK UNIFIED IDEOGRAPH-5988
妓	U+5993	cjk_unified	3	1	B	CJK UNIFIED IDEOGRAPH-5993
妖	U+5996	cjk_unified	3	1	B	CJK UNIFIED IDEOGRAPH-5996
妙	U+5999	cjk_unified	3	1	B	CJK UNIFIED IDEOGRAPH-5999
妞	U+599E	cjk_unified	3	1	B	CJK UNIFIED IDEOGRAPH-599E
妮	U+59AE	cjk_unified	3	1	B	CJK UNIFIED IDEOGRAPH-59AE
妹	U+59B9	cjk_unified	3	1	B	CJK UNIFIED IDEOGRAPH-59B9
妻	U+59BB	cjk_unified	3	1	B	CJK UNIFIED IDEOGRAPH-59BB
姆	U+59C6	cjk_unified	2	1	B	CJK UNIFIED IDEOGRAPH-59C6
姐	U+59D0	cjk_unified	2	1	B	CJK UNIFIED IDEOGRAPH-59D0
姑	U+59D1	cjk_unified	2	1	B	CJK UNIFIED IDEOGRAPH-59D1
姓	U+59D3	cjk_unified	2	1	B	CJK UNIFIED IDEOGRAPH-59D3
委	U+59D4	cjk_unified	2	1	B	CJK UNIFIED IDEOGRAPH-59D4
姚	U+59DA	cjk_unified	2	1	B	CJK UNIFIED IDEOGRAPH-59DA
姜	U+59DC	cjk_unified	2	1	B	CJK UNIFIED IDEOGRAPH-59DC
姨	U+59E8	cjk_unified	2	1	B	CJK UNIFIED IDEOGRAPH-59E8
姿	U+59FF	cjk_unified	2	1	B	CJK UNIFIED IDEOGRAPH-59FF
威	U+5A01	cjk_unified	3	1	B	CJK UNIFIED IDEOGRAPH-5A01
娃	U+5A03	cjk_unified	3	1	B	CJK UNIFIED IDEOGRAPH-5A03
娇	U+5A07	cjk_unified	3	1	B	CJK UNIFIED IDEOGRAPH-5A07
娘	U+5A18	cjk_unified	3	1	B	CJK UNIFIED IDEOGRAPH-5A18
娛	U+5A1B	cjk_unified	3	1	B	CJK UNIFIED IDEOGRAPH-5A1B
娜	U+5A1C	cjk_unified	3	1	B	CJK UNIFIED IDEOGRAPH-5A1C
娱	U+5A31	cjk_unified	3	1	B	CJK UNIFIED IDEOGRAPH-5A31
婆	U+5A46	cjk_unified	3	1	B	CJK UNIFIED IDEOGRAPH-5A46
婚	U+5A5A	cjk_unified	3	1	B	CJK UNIFIED IDEOGRAPH-5A5A
婦	U+5A66	cjk_unified	3	1	B	CJK UNIFIED IDEOGRAPH-5A66
婷	U+5A77	cjk_unified	3	1	B	CJK UNIFIED IDEOGRAPH-5A77
媒	U+5A92	cjk_unified	3	1	B	CJK UNIFIED IDEOGRAPH-5A92
媳	U+5AB3	cjk_unified	3	1	B	CJK UNIFIED IDEOGRAPH-5AB3
媽	U+5ABD	cjk_unified	3	1	B	CJK UNIFIED IDEOGRAPH-5ABD
嫁	U+5AC1	cjk_unified	3	1	B	CJK UNIFIED IDEOGRAPH-5AC1
嫂	U+5AC2	cjk_unified	3	1	B	CJK UNIFIED IDEOGRAPH-5AC2
嫌	U+5ACC	cjk_unified	3	1	B	CJK UNIFIED IDEOGRAPH-5ACC
嫩	U+5AE9	cjk_unified	3	1	B	CJK UNIFIED IDEOGRAPH-5AE9
嬉	U+5B09	cjk_unified	3	1	B	CJK UNIFIED IDEOGRAPH-5B09
孔	U+5B54	cjk_unified	2	1	B	CJK UNIFIED IDEOGRAPH-5B54
孕	U+5B55	cjk_unified	2	1	B	CJK UNIFIED IDEOGRAPH-5B55
孙	U+5B59	cjk_unified	2	1	B	CJK UNIFIED IDEOGRAPH-5B59
孟	U+5B5F	cjk_unified	2	1	B	CJK UNIFIED IDEOGRAPH-5B5F
季	U+5B63	cjk_unified	2	1	B	CJK UNIFIED IDEOGRAPH-5B63
孤	U+5B64	cjk_unified	2	1	B	CJK UNIFIED IDEOGRAPH-5B64
孩	U+5B69	cjk_unified	2	1	B	CJK UNIFIED IDEOGRAPH-5B69
學	U+5B78	cjk_unified	2	1	B	CJK UNIFIED IDEOGRAPH-5B78
宁	U+5B81	cjk_unified	2	1	B	CJK UNIFIED IDEOGRAPH-5B81
它	U+5B83	cjk_unified	2	1	B	CJK UNIFIED IDEOGRAPH-5B83
宅	U+5B85	cjk_unified	2	1	B	CJK UNIFIED IDEOGRAPH-5B85
宇	U+5B87	cjk_unified	2	1	B	CJK UNIFIED IDEOGRAPH-5B87
守	U+5B88	cjk_unified	2	1	B	CJK UNIFIED IDEOGRAPH-5B88
宏	U+5B8F	cjk_unified	2	1	B	CJK UNIFIED IDEOGRAPH-5B8F
宗	U+5B97	cjk_unified	2	1	B	CJK UNIFIED IDEOGRAPH-5B97
官	U+5B98	cjk_unified	2	1	B	CJK UNIFIED IDEOGRAPH-5B98
宜	U+5B9C	cjk_unified	2	1	B	CJK UNIFIED IDEOGRAPH-5B9C
宝	U+5B9D	cjk_unified	2	1	B	CJK UNIFIED IDEOGRAPH-5B9D
実	U+5B9F	cjk_unified	2	1	B	CJK UNIFIED IDEOGRAPH-5B9F
宠	U+5BA0	cjk_unified	2	1	B	CJK UNIFIED IDEOGRAPH-5BA0
宣	U+5BA3	cjk_unified	2	1	B	CJK UNIFIED IDEOGRAPH-5BA3
室	U+5BA4	cjk_unified	2	1	B	CJK UNIFIED IDEOGRAPH-5BA4
宫	U+5BAB	cjk_unified	2	1	B	CJK UNIFIED IDEOGRAPH-5BAB
宮	U+5BAE	cjk_unified	2	1	B	CJK UNIFIED IDEOGRAPH-5BAE
害	U+5BB3	cjk_unified	2	1	B	CJK UNIFIED IDEOGRAPH-5BB3
宴	U+5BB4	cjk_unified	2	1	B	CJK UNIFIED IDEOGRAPH-5BB4
宽	U+5BBD	cjk_unified	2	1	B	CJK UNIFIED IDEOGRAPH-5BBD
宾	U+5BBE	cjk_unified	2	1	B	CJK UNIFIED IDEOGRAPH-5BBE
宿	U+5BBF	cjk_unified	2	1	B	CJK UNIFIED IDEOGRAPH-5BBF
寄	U+5BC4	cjk_unified	2	1	B	CJK UNIFIED IDEOGRAPH-5BC4
富	U+5BCC	cjk_unified	2	1	B	CJK UNIFIED IDEOGRAPH-5BCC
寒	U+5BD2	cjk_unified	2	1	B	CJK UNIFIED IDEOGRAPH-5BD2
寓	U+5BD3	cjk_unified	2	1	B	CJK UNIFIED IDEOGRAPH-5BD3
寝	U+5BDD	cjk_unified	2	1	B	CJK UNIFIED IDEOGRAPH-5BDD
察	U+5BDF	cjk_unified	2	1	B	CJK UNIFIED IDEOGRAPH-5BDF
實	U+5BE6	cjk_unified	2	1	B	CJK UNIFIED IDEOGRAPH-5BE6
寨	U+5BE8	cjk_unified	2	1	B	CJK UNIFIED IDEOGRAPH-5BE8
寫	U+5BEB	cjk_unified	2	1	B	CJK UNIFIED IDEOGRAPH-5BEB
寶	U+5BF6	cjk_unified	2	1	B	CJK UNIFIED IDEOGRAPH-5BF6
寸	U+5BF8	cjk_unified	2	1	B	CJK UNIFIED IDEOGRAPH-5BF8
寺	U+5BFA	cjk_unified	2	1	B	CJK UNIFIED IDEOGRAPH-5BFA
寻	U+5BFB	cjk_unified	2	1	B	CJK UNIFIED IDEOGRAPH-5BFB
対	U+5BFE	cjk_unified	2	1	B	CJK UNIFIED IDEOGRAPH-5BFE
寿	U+5BFF	cjk_unified	2	1	B	CJK UNIFIED IDEOGRAPH-5BFF
封	U+5C01	cjk_unified	2	1	B	CJK UNIFIED IDEOGRAPH-5C01
専	U+5C02	cjk_unified	2	1	B	CJK UNIFIED IDEOGRAPH-5C02
射	U+5C04	cjk_unified	2	1	B	CJK UNIFIED IDEOGRAPH-5C04
將	U+5C07	cjk_unified	2	1	B	CJK UNIFIED IDEOGRAPH-5C07
專	U+5C08	cjk_unified	2	1	B	CJK UNIFIED IDEOGRAPH-5C08
尊	U+5C0A	cjk_unified	2	1	B	CJK UNIFIED IDEOGRAPH-5C0A
尋	U+5C0B	cjk_unified	2	1	B	CJK UNIFIED IDEOGRAPH-5C0B
對	U+5C0D	cjk_unified	2	1	B	CJK UNIFIED IDEOGRAPH-5C0D
導	U+5C0E	cjk_unified	2	1	B	CJK UNIFIED IDEOGRAPH-5C0E
尖	U+5C16	cjk_unified	2	1	B	CJK UNIFIED IDEOGRAPH-5C16
尚	U+5C1A	cjk_unified	2	1	B	CJK UNIFIED IDEOGRAPH-5C1A
尝	U+5C1D	cjk_unified	2	1	B	CJK UNIFIED IDEOGRAPH-5C1D
尤	U+5C24	cjk_unified	2	1	B	CJK UNIFIED IDEOGRAPH-5C24
尸	U+5C38	cjk_unified	2	1	B	CJK UNIFIED IDEOGRAPH-5C38
尺	U+5C3A	cjk_unified	2	1	B	CJK UNIFIED IDEOGRAPH-5C3A
尼	U+5C3C	cjk_unified	2	1	B	CJK UNIFIED IDEOGRAPH-5C3C
尽	U+5C3D	cjk_unified	2	1	B	CJK UNIFIED IDEOGRAPH-5C3D
尾	U+5C3E	cjk_unified	2	1	B	CJK UNIFIED IDEOGRAPH-5C3E
尿	U+5C3F	cjk_unified	2	1	B	CJK UNIFIED IDEOGRAPH-5C3F
屁	U+5C41	cjk_unified	2	1	B	CJK UNIFIED IDEOGRAPH-5C41
层	U+5C42	cjk_unified	2	1	B	CJK UNIFIED IDEOGRAPH-5C42
居	U+5C45	cjk_unified	2	1	B	CJK UNIFIED IDEOGRAPH-5C45
届	U+5C4A	cjk_unified	2	1	B	CJK UNIFIED IDEOGRAPH-5C4A
屋	U+5C4B	cjk_unified	2	1	B	CJK UNIFIED IDEOGRAPH-5C4B
屏	U+5C4F	cjk_unified	2	1	B	CJK UNIFIED IDEOGRAPH-5C4F
属	U+5C5E	cjk_unified	2	1	B	CJK UNIFIED IDEOGRAPH-5C5E
履	U+5C65	cjk_unified	2	1	B	CJK UNIFIED IDEOGRAPH-5C65
屯	U+5C6F	cjk_unified	2	1	B	CJK UNIFIED IDEOGRAPH-5C6F
岗	U+5C97	cjk_unified	2	1	B	CJK UNIFIED IDEOGRAPH-5C97
岛	U+5C9B	cjk_unified	2	1	B	CJK UNIFIED IDEOGRAPH-5C9B
岡	U+5CA1	cjk_unified	2	1	B	CJK UNIFIED IDEOGRAPH-5CA1
岩	U+5CA9	cjk_unified	2	1	B	CJK UNIFIED IDEOGRAPH-5CA9
岭	U+5CAD	cjk_unified	2	1	B	CJK UNIFIED IDEOGRAPH-5CAD
岳	U+5CB3	cjk_unified	2	1	B	CJK UNIFIED IDEOGRAPH-5CB3
岸	U+5CB8	cjk_unified	2	1	B	CJK UNIFIED IDEOGRAPH-5CB8
峡	U+5CE1	cjk_unified	3	1	B	CJK UNIFIED IDEOGRAPH-5CE1
峰	U+5CF0	cjk_unified	3	1	B	CJK UNIFIED IDEOGRAPH-5CF0
島	U+5CF6	cjk_unified	3	1	B	CJK UNIFIED IDEOGRAPH-5CF6
崎	U+5D0E	cjk_unified	3	1	B	CJK UNIFIED IDEOGRAPH-5D0E
∀	U+2200	math_operators	2	1	B	FOR ALL
∆	U+2206	math_operators	2	1	B	INCREMENT
∙	U+2219	math_operators	2	1	B	BULLET OPERATOR
√	U+221A	math_operators	2	1	B	SQUARE ROOT
∞	U+221E	math_operators	2	1	B	INFINITY
∨	U+2228	math_operators	2	1	B	LOGICAL OR
≈	U+2248	math_operators	2	1	B	ALMOST EQUAL TO
≤	U+2264	math_operators	2	1	B	LESS-THAN OR EQUAL TO
≥	U+2265	math_operators	2	1	B	GREATER-THAN OR EQUAL TO
≫	U+226B	math_operators	2	1	B	MUCH GREATER-THAN
℃	U+2103	letterlike	2	1	B	DEGREE CELSIUS
№	U+2116	letterlike	2	1	B	NUMERO SIGN
Ω	U+2126	letterlike	2	1	B	OHM SIGN
⇒	U+21D2	arrows	3	1	B	RIGHTWARDS DOUBLE ARROW
□	U+25A1	geometric_shapes	2	1	B	WHITE SQUARE
▪	U+25AA	geometric_shapes	2	1	B	BLACK SMALL SQUARE
▫	U+25AB	geometric_shapes	2	1	B	WHITE SMALL SQUARE
▬	U+25AC	geometric_shapes	2	1	B	BLACK RECTANGLE
▲	U+25B2	geometric_shapes	2	1	B	BLACK UP-POINTING TRIANGLE
△	U+25B3	geometric_shapes	2	1	B	WHITE UP-POINTING TRIANGLE
▶	U+25B6	geometric_shapes	2	1	B	BLACK RIGHT-POINTING TRIANGLE
▷	U+25B7	geometric_shapes	2	1	B	WHITE RIGHT-POINTING TRIANGLE
▼	U+25BC	geometric_shapes	2	1	B	BLACK DOWN-POINTING TRIANGLE
▽	U+25BD	geometric_shapes	2	1	B	WHITE DOWN-POINTING TRIANGLE
◆	U+25C6	geometric_shapes	2	1	B	BLACK DIAMOND
◇	U+25C7	geometric_shapes	2	1	B	WHITE DIAMOND
○	U+25CB	geometric_shapes	2	1	B	WHITE CIRCLE
◎	U+25CE	geometric_shapes	2	1	B	BULLSEYE
☎	U+260E	misc_symbols	2	1	B	BLACK TELEPHONE
☺	U+263A	misc_symbols	2	1	B	WHITE SMILING FACE
♂	U+2642	misc_symbols	2	1	B	MALE SIGN
♡	U+2661	misc_symbols	2	1	B	WHITE HEART SUIT
♦	U+2666	misc_symbols	2	1	B	BLACK DIAMOND SUIT
♫	U+266B	misc_symbols	2	1	B	BEAMED EIGHTH NOTES
✅	U+2705	dingbats	2	1	B	WHITE HEAVY CHECK MARK
✓	U+2713	dingbats	2	1	B	CHECK MARK
✨	U+2728	dingbats	2	1	B	SPARKLES
❤	U+2764	dingbats	2	1	B	HEAVY BLACK HEART
➡	U+27A1	dingbats	2	1	B	BLACK RIGHTWARDS ARROW
①	U+2460	enclosed_alnum	2	1	B	CIRCLED DIGIT ONE
②	U+2461	enclosed_alnum	2	1	B	CIRCLED DIGIT TWO
③	U+2462	enclosed_alnum	2	1	B	CIRCLED DIGIT THREE
④	U+2463	enclosed_alnum	2	1	B	CIRCLED DIGIT FOUR
⑤	U+2464	enclosed_alnum	2	1	B	CIRCLED DIGIT FIVE
┃	U+2503	box_drawing	2	1	B	BOX DRAWINGS HEAVY VERTICAL
├	U+251C	box_drawing	2	1	B	BOX DRAWINGS LIGHT VERTICAL AND RIGHT
┣	U+2523	box_drawing	2	1	B	BOX DRAWINGS HEAVY VERTICAL AND RIGHT
▀	U+2580	block_elements	2	1	B	UPPER HALF BLOCK
▄	U+2584	block_elements	2	1	B	LOWER HALF BLOCK
▋	U+258B	block_elements	2	1	B	LEFT FIVE EIGHTHS BLOCK
▒	U+2592	block_elements	2	1	B	MEDIUM SHADE
▓	U+2593	block_elements	2	1	B	DARK SHADE
々	U+3005	cjk_symbols	2	1	B	IDEOGRAPHIC ITERATION MARK
〇	U+3007	cjk_symbols	2	1	B	IDEOGRAPHIC NUMBER ZERO
〈	U+3008	cjk_symbols	2	1	B	LEFT ANGLE BRACKET
〉	U+3009	cjk_symbols	2	1	B	RIGHT ANGLE BRACKET
〒	U+3012	cjk_symbols	2	1	B	POSTAL MARK
〔	U+3014	cjk_symbols	2	1	B	LEFT TORTOISE SHELL BRACKET
〕	U+3015	cjk_symbols	2	1	B	RIGHT TORTOISE SHELL BRACKET
〖	U+3016	cjk_symbols	2	1	B	LEFT WHITE LENTICULAR BRACKET
